{
  "type": "FeatureCollection",
  "features": [
    {
      "type": "Feature",
      "properties": {
        "name": "United States of America",
        "ne_id": 1159321369,
        "continent": "North America",
        "iso_code": "US",
        "iso_a3": "USA",
        "region_un": "Americas",
        "label_x": -97.482602,
        "label_y": 39.538479,
        "gdp_md": 21433226,
        "pop_est": 328239523,
        "pride_index": [
          {
            "activism": 7
          },
          {
            "politics": 1
          },
          {
            "science": 10
          },
          {
            "technology": 10
          },
          {
            "media": 2
          },
          {
            "culture": 6
          },
          {
            "business": 8
          },
          {
            "sports": 10
          },
          {
            "religion": 9
          },
          {
            "military": 10
          }
        ]
      }
    },
    {
      "type": "Feature",
      "properties": {
        "name": "Costa Rica",
        "ne_id": 1159320525,
        "continent": "North America",
        "iso_code": "CR",
        "iso_a3": "CRI",
        "region_un": "Americas",
        "label_x": -84.077922,
        "label_y": 10.0651,
        "gdp_md": 61801,
        "pop_est": 5047561,
        "pride_index": [
          {
            "activism": 4
          },
          {
            "politics": 9
          },
          {
            "science": 1
          },
          {
            "technology": 4
          },
          {
            "media": 8
          },
          {
            "culture": 8
          },
          {
            "business": 9
          },
          {
            "sports": 6
          },
          {
            "religion": 7
          },
          {
            "military": 8
          }
        ]
      }
    },
    {
      "type": "Feature",
      "properties": {
        "name": "Nicaragua",
        "ne_id": 1159321091,
        "continent": "North America",
        "iso_code": "NI",
        "iso_a3": "NIC",
        "region_un": "Americas",
        "label_x": -85.069347,
        "label_y": 12.670697,
        "gdp_md": 12520,
        "pop_est": 6545502,
        "pride_index": [
          {
            "activism": 10
          },
          {
            "politics": 4
          },
          {
            "science": 6
          },
          {
            "technology": 1
          },
          {
            "media": 2
          },
          {
            "culture": 1
          },
          {
            "business": 8
          },
          {
            "sports": 6
          },
          {
            "religion": 2
          },
          {
            "military": 8
          }
        ]
      }
    },
    {
      "type": "Feature",
      "properties": {
        "name": "Haiti",
        "ne_id": 1159320839,
        "continent": "North America",
        "iso_code": "HT",
        "iso_a3": "HTI",
        "region_un": "Americas",
        "label_x": -72.224051,
        "label_y": 19.263784,
        "gdp_md": 14332,
        "pop_est": 11263077,
        "pride_index": [
          {
            "activism": 3
          },
          {
            "politics": 9
          },
          {
            "science": 9
          },
          {
            "technology": 1
          },
          {
            "media": 5
          },
          {
            "culture": 10
          },
          {
            "business": 3
          },
          {
            "sports": 9
          },
          {
            "religion": 4
          },
          {
            "military": 7
          }
        ]
      }
    },
    {
      "type": "Feature",
      "properties": {
        "name": "Dominican Rep.",
        "ne_id": 1159320563,
        "continent": "North America",
        "iso_code": "DO",
        "iso_a3": "DOM",
        "region_un": "Americas",
        "label_x": -70.653998,
        "label_y": 19.104137,
        "gdp_md": 88941,
        "pop_est": 10738958,
        "pride_index": [
          {
            "activism": 4
          },
          {
            "politics": 6
          },
          {
            "science": 9
          },
          {
            "technology": 4
          },
          {
            "media": 10
          },
          {
            "culture": 4
          },
          {
            "business": 3
          },
          {
            "sports": 4
          },
          {
            "religion": 10
          },
          {
            "military": 10
          }
        ]
      }
    },
    {
      "type": "Feature",
      "properties": {
        "name": "El Salvador",
        "ne_id": 1159321253,
        "continent": "North America",
        "iso_code": "SV",
        "iso_a3": "SLV",
        "region_un": "Americas",
        "label_x": -88.890124,
        "label_y": 13.685371,
        "gdp_md": 27022,
        "pop_est": 6453553,
        "pride_index": [
          {
            "activism": 8
          },
          {
            "politics": 8
          },
          {
            "science": 6
          },
          {
            "technology": 3
          },
          {
            "media": 8
          },
          {
            "culture": 5
          },
          {
            "business": 10
          },
          {
            "sports": 7
          },
          {
            "religion": 2
          },
          {
            "military": 4
          }
        ]
      }
    },
    {
      "type": "Feature",
      "properties": {
        "name": "Guatemala",
        "ne_id": 1159320815,
        "continent": "North America",
        "iso_code": "GT",
        "iso_a3": "GTM",
        "region_un": "Americas",
        "label_x": -90.497134,
        "label_y": 14.982133,
        "gdp_md": 76710,
        "pop_est": 16604026,
        "pride_index": [
          {
            "activism": 3
          },
          {
            "politics": 5
          },
          {
            "science": 10
          },
          {
            "technology": 10
          },
          {
            "media": 8
          },
          {
            "culture": 1
          },
          {
            "business": 6
          },
          {
            "sports": 5
          },
          {
            "religion": 5
          },
          {
            "military": 4
          }
        ]
      }
    },
    {
      "type": "Feature",
      "properties": {
        "name": "Cuba",
        "ne_id": 1159320527,
        "continent": "North America",
        "iso_code": "CU",
        "iso_a3": "CUB",
        "region_un": "Americas",
        "label_x": -77.975855,
        "label_y": 21.334024,
        "gdp_md": 100023,
        "pop_est": 11333483,
        "pride_index": [
          {
            "activism": 3
          },
          {
            "politics": 4
          },
          {
            "science": 9
          },
          {
            "technology": 6
          },
          {
            "media": 8
          },
          {
            "culture": 2
          },
          {
            "business": 8
          },
          {
            "sports": 7
          },
          {
            "religion": 5
          },
          {
            "military": 10
          }
        ]
      }
    },
    {
      "type": "Feature",
      "properties": {
        "name": "Honduras",
        "ne_id": 1159320827,
        "continent": "North America",
        "iso_code": "HN",
        "iso_a3": "HND",
        "region_un": "Americas",
        "label_x": -86.887604,
        "label_y": 14.794801,
        "gdp_md": 25095,
        "pop_est": 9746117,
        "pride_index": [
          {
            "activism": 7
          },
          {
            "politics": 2
          },
          {
            "science": 4
          },
          {
            "technology": 4
          },
          {
            "media": 8
          },
          {
            "culture": 7
          },
          {
            "business": 9
          },
          {
            "sports": 9
          },
          {
            "religion": 2
          },
          {
            "military": 5
          }
        ]
      }
    },
    {
      "type": "Feature",
      "properties": {
        "name": "United States of America",
        "ne_id": 1159321369,
        "continent": "North America",
        "iso_code": "US",
        "iso_a3": "USA",
        "region_un": "Americas",
        "label_x": -97.482602,
        "label_y": 39.538479,
        "gdp_md": 21433226,
        "pop_est": 328239523,
        "pride_index": [
          {
            "activism": 1
          },
          {
            "politics": 5
          },
          {
            "science": 4
          },
          {
            "technology": 7
          },
          {
            "media": 4
          },
          {
            "culture": 10
          },
          {
            "business": 7
          },
          {
            "sports": 2
          },
          {
            "religion": 3
          },
          {
            "military": 4
          }
        ]
      }
    },
    {
      "type": "Feature",
      "properties": {
        "name": "Canada",
        "ne_id": 1159320467,
        "continent": "North America",
        "iso_code": "CA",
        "iso_a3": "CAN",
        "region_un": "Americas",
        "label_x": -101.9107,
        "label_y": 60.324287,
        "gdp_md": 1736425,
        "pop_est": 37589262,
        "pride_index": [
          {
            "activism": 9
          },
          {
            "politics": 5
          },
          {
            "science": 6
          },
          {
            "technology": 2
          },
          {
            "media": 2
          },
          {
            "culture": 5
          },
          {
            "business": 3
          },
          {
            "sports": 9
          },
          {
            "religion": 6
          },
          {
            "military": 7
          }
        ]
      }
    },
    {
      "type": "Feature",
      "properties": {
        "name": "Mexico",
        "ne_id": 1159321055,
        "continent": "North America",
        "iso_code": "MX",
        "iso_a3": "MEX",
        "region_un": "Americas",
        "label_x": -102.289448,
        "label_y": 23.919988,
        "gdp_md": 1268870,
        "pop_est": 127575529,
        "pride_index": [
          {
            "activism": 9
          },
          {
            "politics": 2
          },
          {
            "science": 3
          },
          {
            "technology": 9
          },
          {
            "media": 4
          },
          {
            "culture": 8
          },
          {
            "business": 5
          },
          {
            "sports": 2
          },
          {
            "religion": 4
          },
          {
            "military": 3
          }
        ]
      }
    },
    {
      "type": "Feature",
      "properties": {
        "name": "Belize",
        "ne_id": 1159320431,
        "continent": "North America",
        "iso_code": "BZ",
        "iso_a3": "BLZ",
        "region_un": "Americas",
        "label_x": -88.712962,
        "label_y": 17.202068,
        "gdp_md": 1879,
        "pop_est": 390353,
        "pride_index": [
          {
            "activism": 1
          },
          {
            "politics": 9
          },
          {
            "science": 4
          },
          {
            "technology": 10
          },
          {
            "media": 1
          },
          {
            "culture": 6
          },
          {
            "business": 9
          },
          {
            "sports": 1
          },
          {
            "religion": 3
          },
          {
            "military": 1
          }
        ]
      }
    },
    {
      "type": "Feature",
      "properties": {
        "name": "Panama",
        "ne_id": 1159321161,
        "continent": "North America",
        "iso_code": "PA",
        "iso_a3": "PAN",
        "region_un": "Americas",
        "label_x": -80.352106,
        "label_y": 8.72198,
        "gdp_md": 66800,
        "pop_est": 4246439,
        "pride_index": [
          {
            "activism": 4
          },
          {
            "politics": 1
          },
          {
            "science": 4
          },
          {
            "technology": 4
          },
          {
            "media": 5
          },
          {
            "culture": 4
          },
          {
            "business": 1
          },
          {
            "sports": 7
          },
          {
            "religion": 6
          },
          {
            "military": 9
          }
        ]
      }
    },
    {
      "type": "Feature",
      "properties": {
        "name": "Greenland",
        "ne_id": 1159320551,
        "continent": "North America",
        "iso_code": "GL",
        "iso_a3": "GRL",
        "region_un": "Americas",
        "label_x": -39.335251,
        "label_y": 74.319387,
        "gdp_md": 3051,
        "pop_est": 56225,
        "pride_index": [
          {
            "activism": 7
          },
          {
            "politics": 2
          },
          {
            "science": 6
          },
          {
            "technology": 5
          },
          {
            "media": 10
          },
          {
            "culture": 5
          },
          {
            "business": 6
          },
          {
            "sports": 10
          },
          {
            "religion": 8
          },
          {
            "military": 5
          }
        ]
      }
    },
    {
      "type": "Feature",
      "properties": {
        "name": "Bahamas",
        "ne_id": 1159320415,
        "continent": "North America",
        "iso_code": "BS",
        "iso_a3": "BHS",
        "region_un": "Americas",
        "label_x": -77.146688,
        "label_y": 26.401789,
        "gdp_md": 13578,
        "pop_est": 389482,
        "pride_index": [
          {
            "activism": 10
          },
          {
            "politics": 1
          },
          {
            "science": 2
          },
          {
            "technology": 1
          },
          {
            "media": 5
          },
          {
            "culture": 5
          },
          {
            "business": 4
          },
          {
            "sports": 10
          },
          {
            "religion": 4
          },
          {
            "military": 10
          }
        ]
      }
    },
    {
      "type": "Feature",
      "properties": {
        "name": "Trinidad and Tobago",
        "ne_id": 1159321321,
        "continent": "North America",
        "iso_code": "TT",
        "iso_a3": "TTO",
        "region_un": "Americas",
        "label_x": -60.9184,
        "label_y": 10.9989,
        "gdp_md": 24269,
        "pop_est": 1394973,
        "pride_index": [
          {
            "activism": 4
          },
          {
            "politics": 10
          },
          {
            "science": 1
          },
          {
            "technology": 3
          },
          {
            "media": 2
          },
          {
            "culture": 10
          },
          {
            "business": 9
          },
          {
            "sports": 1
          },
          {
            "religion": 10
          },
          {
            "military": 10
          }
        ]
      }
    },
    {
      "type": "Feature",
      "properties": {
        "name": "Puerto Rico",
        "ne_id": 1159321363,
        "continent": "North America",
        "iso_code": "PR",
        "iso_a3": "PRI",
        "region_un": "Americas",
        "label_x": -66.481065,
        "label_y": 18.234668,
        "gdp_md": 104988,
        "pop_est": 3193694,
        "pride_index": [
          {
            "activism": 8
          },
          {
            "politics": 3
          },
          {
            "science": 9
          },
          {
            "technology": 1
          },
          {
            "media": 5
          },
          {
            "culture": 3
          },
          {
            "business": 5
          },
          {
            "sports": 6
          },
          {
            "religion": 10
          },
          {
            "military": 2
          }
        ]
      }
    },
    {
      "type": "Feature",
      "properties": {
        "name": "Jamaica",
        "ne_id": 1159320931,
        "continent": "North America",
        "iso_code": "JM",
        "iso_a3": "JAM",
        "region_un": "Americas",
        "label_x": -77.318767,
        "label_y": 18.137124,
        "gdp_md": 16458,
        "pop_est": 2948279,
        "pride_index": [
          {
            "activism": 8
          },
          {
            "politics": 1
          },
          {
            "science": 10
          },
          {
            "technology": 9
          },
          {
            "media": 8
          },
          {
            "culture": 2
          },
          {
            "business": 7
          },
          {
            "sports": 3
          },
          {
            "religion": 8
          },
          {
            "military": 4
          }
        ]
      }
    },
    {
      "type": "Feature",
      "properties": {
        "name": "Indonesia",
        "ne_id": 1159320845,
        "continent": "Asia",
        "iso_code": "ID",
        "iso_a3": "IDN",
        "region_un": "Asia",
        "label_x": 101.892949,
        "label_y": -0.954404,
        "gdp_md": 1119190,
        "pop_est": 270625568,
        "pride_index": [
          {
            "activism": 4
          },
          {
            "politics": 3
          },
          {
            "science": 1
          },
          {
            "technology": 1
          },
          {
            "media": 10
          },
          {
            "culture": 8
          },
          {
            "business": 1
          },
          {
            "sports": 6
          },
          {
            "religion": 2
          },
          {
            "military": 9
          }
        ]
      }
    },
    {
      "type": "Feature",
      "properties": {
        "name": "Malaysia",
        "ne_id": 1159321083,
        "continent": "Asia",
        "iso_code": "MY",
        "iso_a3": "MYS",
        "region_un": "Asia",
        "label_x": 113.83708,
        "label_y": 2.528667,
        "gdp_md": 364681,
        "pop_est": 31949777,
        "pride_index": [
          {
            "activism": 7
          },
          {
            "politics": 7
          },
          {
            "science": 9
          },
          {
            "technology": 2
          },
          {
            "media": 6
          },
          {
            "culture": 9
          },
          {
            "business": 4
          },
          {
            "sports": 5
          },
          {
            "religion": 2
          },
          {
            "military": 3
          }
        ]
      }
    },
    {
      "type": "Feature",
      "properties": {
        "name": "Cyprus",
        "ne_id": 1159320533,
        "continent": "Asia",
        "iso_code": "CY",
        "iso_a3": "CYP",
        "region_un": "Asia",
        "label_x": 33.084182,
        "label_y": 34.913329,
        "gdp_md": 24948,
        "pop_est": 1198575,
        "pride_index": [
          {
            "activism": 1
          },
          {
            "politics": 3
          },
          {
            "science": 4
          },
          {
            "technology": 1
          },
          {
            "media": 6
          },
          {
            "culture": 8
          },
          {
            "business": 4
          },
          {
            "sports": 10
          },
          {
            "religion": 6
          },
          {
            "military": 7
          }
        ]
      }
    },
    {
      "type": "Feature",
      "properties": {
        "name": "India",
        "ne_id": 1159320847,
        "continent": "Asia",
        "iso_code": "IN",
        "iso_a3": "IND",
        "region_un": "Asia",
        "label_x": 79.358105,
        "label_y": 22.686852,
        "gdp_md": 2868929,
        "pop_est": 1366417754,
        "pride_index": [
          {
            "activism": 1
          },
          {
            "politics": 4
          },
          {
            "science": 2
          },
          {
            "technology": 10
          },
          {
            "media": 1
          },
          {
            "culture": 7
          },
          {
            "business": 3
          },
          {
            "sports": 3
          },
          {
            "religion": 9
          },
          {
            "military": 8
          }
        ]
      }
    },
    {
      "type": "Feature",
      "properties": {
        "name": "China",
        "ne_id": 1159320471,
        "continent": "Asia",
        "iso_code": "CN",
        "iso_a3": "CHN",
        "region_un": "Asia",
        "label_x": 106.337289,
        "label_y": 32.498178,
        "gdp_md": 14342903,
        "pop_est": 1397715000,
        "pride_index": [
          {
            "activism": 7
          },
          {
            "politics": 8
          },
          {
            "science": 3
          },
          {
            "technology": 5
          },
          {
            "media": 8
          },
          {
            "culture": 9
          },
          {
            "business": 2
          },
          {
            "sports": 7
          },
          {
            "religion": 4
          },
          {
            "military": 9
          }
        ]
      }
    },
    {
      "type": "Feature",
      "properties": {
        "name": "Israel",
        "ne_id": 1159320895,
        "continent": "Asia",
        "iso_code": "IL",
        "iso_a3": "ISR",
        "region_un": "Asia",
        "label_x": 34.847915,
        "label_y": 30.911148,
        "gdp_md": 394652,
        "pop_est": 9053300,
        "pride_index": [
          {
            "activism": 9
          },
          {
            "politics": 2
          },
          {
            "science": 8
          },
          {
            "technology": 5
          },
          {
            "media": 4
          },
          {
            "culture": 5
          },
          {
            "business": 5
          },
          {
            "sports": 3
          },
          {
            "religion": 8
          },
          {
            "military": 5
          }
        ]
      }
    },
    {
      "type": "Feature",
      "properties": {
        "name": "Palestine",
        "ne_id": 1159320899,
        "continent": "Asia",
        "iso_code": "PS",
        "iso_a3": "PSE",
        "region_un": "Asia",
        "label_x": 35.291341,
        "label_y": 32.047431,
        "gdp_md": 16276,
        "pop_est": 4685306,
        "pride_index": [
          {
            "activism": 3
          },
          {
            "politics": 6
          },
          {
            "science": 3
          },
          {
            "technology": 6
          },
          {
            "media": 3
          },
          {
            "culture": 1
          },
          {
            "business": 2
          },
          {
            "sports": 10
          },
          {
            "religion": 5
          },
          {
            "military": 5
          }
        ]
      }
    },
    {
      "type": "Feature",
      "properties": {
        "name": "Lebanon",
        "ne_id": 1159321013,
        "continent": "Asia",
        "iso_code": "LB",
        "iso_a3": "LBN",
        "region_un": "Asia",
        "label_x": 35.992892,
        "label_y": 34.133368,
        "gdp_md": 51991,
        "pop_est": 6855713,
        "pride_index": [
          {
            "activism": 3
          },
          {
            "politics": 9
          },
          {
            "science": 8
          },
          {
            "technology": 2
          },
          {
            "media": 9
          },
          {
            "culture": 2
          },
          {
            "business": 3
          },
          {
            "sports": 8
          },
          {
            "religion": 10
          },
          {
            "military": 6
          }
        ]
      }
    },
    {
      "type": "Feature",
      "properties": {
        "name": "Syria",
        "ne_id": 1159321295,
        "continent": "Asia",
        "iso_code": "SY",
        "iso_a3": "SYR",
        "region_un": "Asia",
        "label_x": 38.277783,
        "label_y": 35.006636,
        "gdp_md": 98830,
        "pop_est": 17070135,
        "pride_index": [
          {
            "activism": 10
          },
          {
            "politics": 1
          },
          {
            "science": 1
          },
          {
            "technology": 3
          },
          {
            "media": 10
          },
          {
            "culture": 4
          },
          {
            "business": 8
          },
          {
            "sports": 3
          },
          {
            "religion": 6
          },
          {
            "military": 4
          }
        ]
      }
    },
    {
      "type": "Feature",
      "properties": {
        "name": "South Korea",
        "ne_id": 1159320985,
        "continent": "Asia",
        "iso_code": "KR",
        "iso_a3": "KOR",
        "region_un": "Asia",
        "label_x": 128.129504,
        "label_y": 36.384924,
        "gdp_md": 1646739,
        "pop_est": 51709098,
        "pride_index": [
          {
            "activism": 8
          },
          {
            "politics": 8
          },
          {
            "science": 7
          },
          {
            "technology": 6
          },
          {
            "media": 4
          },
          {
            "culture": 6
          },
          {
            "business": 5
          },
          {
            "sports": 9
          },
          {
            "religion": 3
          },
          {
            "military": 7
          }
        ]
      }
    },
    {
      "type": "Feature",
      "properties": {
        "name": "North Korea",
        "ne_id": 1159321181,
        "continent": "Asia",
        "iso_code": "KP",
        "iso_a3": "PRK",
        "region_un": "Asia",
        "label_x": 126.444516,
        "label_y": 39.885252,
        "gdp_md": 40000,
        "pop_est": 25666161,
        "pride_index": [
          {
            "activism": 10
          },
          {
            "politics": 7
          },
          {
            "science": 7
          },
          {
            "technology": 4
          },
          {
            "media": 8
          },
          {
            "culture": 10
          },
          {
            "business": 6
          },
          {
            "sports": 8
          },
          {
            "religion": 6
          },
          {
            "military": 2
          }
        ]
      }
    },
    {
      "type": "Feature",
      "properties": {
        "name": "Bhutan",
        "ne_id": 1159320453,
        "continent": "Asia",
        "iso_code": "BT",
        "iso_a3": "BTN",
        "region_un": "Asia",
        "label_x": 90.040294,
        "label_y": 27.536685,
        "gdp_md": 2530,
        "pop_est": 763092,
        "pride_index": [
          {
            "activism": 6
          },
          {
            "politics": 2
          },
          {
            "science": 9
          },
          {
            "technology": 3
          },
          {
            "media": 5
          },
          {
            "culture": 2
          },
          {
            "business": 6
          },
          {
            "sports": 8
          },
          {
            "religion": 8
          },
          {
            "military": 2
          }
        ]
      }
    },
    {
      "type": "Feature",
      "properties": {
        "name": "Oman",
        "ne_id": 1159321151,
        "continent": "Asia",
        "iso_code": "OM",
        "iso_a3": "OMN",
        "region_un": "Asia",
        "label_x": 57.336553,
        "label_y": 22.120427,
        "gdp_md": 76331,
        "pop_est": 4974986,
        "pride_index": [
          {
            "activism": 9
          },
          {
            "politics": 5
          },
          {
            "science": 4
          },
          {
            "technology": 3
          },
          {
            "media": 3
          },
          {
            "culture": 4
          },
          {
            "business": 9
          },
          {
            "sports": 10
          },
          {
            "religion": 2
          },
          {
            "military": 7
          }
        ]
      }
    },
    {
      "type": "Feature",
      "properties": {
        "name": "Uzbekistan",
        "ne_id": 1159321405,
        "continent": "Asia",
        "iso_code": "UZ",
        "iso_a3": "UZB",
        "region_un": "Asia",
        "label_x": 64.005429,
        "label_y": 41.693603,
        "gdp_md": 57921,
        "pop_est": 33580650,
        "pride_index": [
          {
            "activism": 1
          },
          {
            "politics": 8
          },
          {
            "science": 10
          },
          {
            "technology": 3
          },
          {
            "media": 5
          },
          {
            "culture": 8
          },
          {
            "business": 10
          },
          {
            "sports": 7
          },
          {
            "religion": 8
          },
          {
            "military": 9
          }
        ]
      }
    },
    {
      "type": "Feature",
      "properties": {
        "name": "Kazakhstan",
        "ne_id": 1159320967,
        "continent": "Asia",
        "iso_code": "KZ",
        "iso_a3": "KAZ",
        "region_un": "Asia",
        "label_x": 68.685548,
        "label_y": 49.054149,
        "gdp_md": 181665,
        "pop_est": 18513930,
        "pride_index": [
          {
            "activism": 1
          },
          {
            "politics": 2
          },
          {
            "science": 4
          },
          {
            "technology": 8
          },
          {
            "media": 4
          },
          {
            "culture": 8
          },
          {
            "business": 7
          },
          {
            "sports": 4
          },
          {
            "religion": 7
          },
          {
            "military": 10
          }
        ]
      }
    },
    {
      "type": "Feature",
      "properties": {
        "name": "Tajikistan",
        "ne_id": 1159321307,
        "continent": "Asia",
        "iso_code": "TJ",
        "iso_a3": "TJK",
        "region_un": "Asia",
        "label_x": 72.587276,
        "label_y": 38.199835,
        "gdp_md": 8116,
        "pop_est": 9321018,
        "pride_index": [
          {
            "activism": 9
          },
          {
            "politics": 10
          },
          {
            "science": 9
          },
          {
            "technology": 2
          },
          {
            "media": 10
          },
          {
            "culture": 8
          },
          {
            "business": 2
          },
          {
            "sports": 8
          },
          {
            "religion": 5
          },
          {
            "military": 2
          }
        ]
      }
    },
    {
      "type": "Feature",
      "properties": {
        "name": "Mongolia",
        "ne_id": 1159321071,
        "continent": "Asia",
        "iso_code": "MN",
        "iso_a3": "MNG",
        "region_un": "Asia",
        "label_x": 104.150405,
        "label_y": 45.997488,
        "gdp_md": 13996,
        "pop_est": 3225167,
        "pride_index": [
          {
            "activism": 4
          },
          {
            "politics": 9
          },
          {
            "science": 3
          },
          {
            "technology": 3
          },
          {
            "media": 3
          },
          {
            "culture": 6
          },
          {
            "business": 8
          },
          {
            "sports": 2
          },
          {
            "religion": 1
          },
          {
            "military": 6
          }
        ]
      }
    },
    {
      "type": "Feature",
      "properties": {
        "name": "Vietnam",
        "ne_id": 1159321417,
        "continent": "Asia",
        "iso_code": "VN",
        "iso_a3": "VNM",
        "region_un": "Asia",
        "label_x": 105.387292,
        "label_y": 21.715416,
        "gdp_md": 261921,
        "pop_est": 96462106,
        "pride_index": [
          {
            "activism": 9
          },
          {
            "politics": 4
          },
          {
            "science": 8
          },
          {
            "technology": 7
          },
          {
            "media": 4
          },
          {
            "culture": 10
          },
          {
            "business": 7
          },
          {
            "sports": 4
          },
          {
            "religion": 3
          },
          {
            "military": 2
          }
        ]
      }
    },
    {
      "type": "Feature",
      "properties": {
        "name": "Cambodia",
        "ne_id": 1159320979,
        "continent": "Asia",
        "iso_code": "KH",
        "iso_a3": "KHM",
        "region_un": "Asia",
        "label_x": 104.50487,
        "label_y": 12.647584,
        "gdp_md": 27089,
        "pop_est": 16486542,
        "pride_index": [
          {
            "activism": 9
          },
          {
            "politics": 5
          },
          {
            "science": 8
          },
          {
            "technology": 2
          },
          {
            "media": 2
          },
          {
            "culture": 1
          },
          {
            "business": 6
          },
          {
            "sports": 10
          },
          {
            "religion": 7
          },
          {
            "military": 9
          }
        ]
      }
    },
    {
      "type": "Feature",
      "properties": {
        "name": "United Arab Emirates",
        "ne_id": 1159320329,
        "continent": "Asia",
        "iso_code": "AE",
        "iso_a3": "ARE",
        "region_un": "Asia",
        "label_x": 54.547256,
        "label_y": 23.466285,
        "gdp_md": 421142,
        "pop_est": 9770529,
        "pride_index": [
          {
            "activism": 9
          },
          {
            "politics": 7
          },
          {
            "science": 7
          },
          {
            "technology": 5
          },
          {
            "media": 2
          },
          {
            "culture": 3
          },
          {
            "business": 6
          },
          {
            "sports": 7
          },
          {
            "religion": 9
          },
          {
            "military": 2
          }
        ]
      }
    },
    {
      "type": "Feature",
      "properties": {
        "name": "Georgia",
        "ne_id": 1159320779,
        "continent": "Asia",
        "iso_code": "GE",
        "iso_a3": "GEO",
        "region_un": "Asia",
        "label_x": 43.735724,
        "label_y": 41.870087,
        "gdp_md": 17477,
        "pop_est": 3720382,
        "pride_index": [
          {
            "activism": 3
          },
          {
            "politics": 9
          },
          {
            "science": 8
          },
          {
            "technology": 6
          },
          {
            "media": 7
          },
          {
            "culture": 3
          },
          {
            "business": 8
          },
          {
            "sports": 7
          },
          {
            "religion": 5
          },
          {
            "military": 10
          }
        ]
      }
    },
    {
      "type": "Feature",
      "properties": {
        "name": "Azerbaijan",
        "ne_id": 1159320381,
        "continent": "Asia",
        "iso_code": "AZ",
        "iso_a3": "AZE",
        "region_un": "Asia",
        "label_x": 47.210994,
        "label_y": 40.402387,
        "gdp_md": 48047,
        "pop_est": 10023318,
        "pride_index": [
          {
            "activism": 1
          },
          {
            "politics": 8
          },
          {
            "science": 8
          },
          {
            "technology": 2
          },
          {
            "media": 5
          },
          {
            "culture": 8
          },
          {
            "business": 3
          },
          {
            "sports": 8
          },
          {
            "religion": 5
          },
          {
            "military": 10
          }
        ]
      }
    },
    {
      "type": "Feature",
      "properties": {
        "name": "Turkey",
        "ne_id": 1159321331,
        "continent": "Asia",
        "iso_code": "TR",
        "iso_a3": "TUR",
        "region_un": "Asia",
        "label_x": 34.508268,
        "label_y": 39.345388,
        "gdp_md": 761425,
        "pop_est": 83429615,
        "pride_index": [
          {
            "activism": 9
          },
          {
            "politics": 6
          },
          {
            "science": 9
          },
          {
            "technology": 5
          },
          {
            "media": 9
          },
          {
            "culture": 10
          },
          {
            "business": 5
          },
          {
            "sports": 10
          },
          {
            "religion": 10
          },
          {
            "military": 4
          }
        ]
      }
    },
    {
      "type": "Feature",
      "properties": {
        "name": "Laos",
        "ne_id": 1159321011,
        "continent": "Asia",
        "iso_code": "LA",
        "iso_a3": "LAO",
        "region_un": "Asia",
        "label_x": 102.533912,
        "label_y": 19.431821,
        "gdp_md": 18173,
        "pop_est": 7169455,
        "pride_index": [
          {
            "activism": 8
          },
          {
            "politics": 1
          },
          {
            "science": 9
          },
          {
            "technology": 1
          },
          {
            "media": 5
          },
          {
            "culture": 8
          },
          {
            "business": 10
          },
          {
            "sports": 8
          },
          {
            "religion": 5
          },
          {
            "military": 6
          }
        ]
      }
    },
    {
      "type": "Feature",
      "properties": {
        "name": "Kyrgyzstan",
        "ne_id": 1159320977,
        "continent": "Asia",
        "iso_code": "KG",
        "iso_a3": "KGZ",
        "region_un": "Asia",
        "label_x": 74.532637,
        "label_y": 41.66854,
        "gdp_md": 8454,
        "pop_est": 6456900,
        "pride_index": [
          {
            "activism": 3
          },
          {
            "politics": 6
          },
          {
            "science": 8
          },
          {
            "technology": 6
          },
          {
            "media": 7
          },
          {
            "culture": 8
          },
          {
            "business": 8
          },
          {
            "sports": 1
          },
          {
            "religion": 3
          },
          {
            "military": 2
          }
        ]
      }
    },
    {
      "type": "Feature",
      "properties": {
        "name": "Armenia",
        "ne_id": 1159320333,
        "continent": "Asia",
        "iso_code": "AM",
        "iso_a3": "ARM",
        "region_un": "Asia",
        "label_x": 44.800564,
        "label_y": 40.459077,
        "gdp_md": 13672,
        "pop_est": 2957731,
        "pride_index": [
          {
            "activism": 5
          },
          {
            "politics": 10
          },
          {
            "science": 3
          },
          {
            "technology": 3
          },
          {
            "media": 10
          },
          {
            "culture": 1
          },
          {
            "business": 6
          },
          {
            "sports": 2
          },
          {
            "religion": 4
          },
          {
            "military": 8
          }
        ]
      }
    },
    {
      "type": "Feature",
      "properties": {
        "name": "Iraq",
        "ne_id": 1159320887,
        "continent": "Asia",
        "iso_code": "IQ",
        "iso_a3": "IRQ",
        "region_un": "Asia",
        "label_x": 43.26181,
        "label_y": 33.09403,
        "gdp_md": 234094,
        "pop_est": 39309783,
        "pride_index": [
          {
            "activism": 9
          },
          {
            "politics": 6
          },
          {
            "science": 8
          },
          {
            "technology": 3
          },
          {
            "media": 7
          },
          {
            "culture": 5
          },
          {
            "business": 1
          },
          {
            "sports": 4
          },
          {
            "religion": 4
          },
          {
            "military": 4
          }
        ]
      }
    },
    {
      "type": "Feature",
      "properties": {
        "name": "Iran",
        "ne_id": 1159320881,
        "continent": "Asia",
        "iso_code": "IR",
        "iso_a3": "IRN",
        "region_un": "Asia",
        "label_x": 54.931495,
        "label_y": 32.166225,
        "gdp_md": 453996,
        "pop_est": 82913906,
        "pride_index": [
          {
            "activism": 7
          },
          {
            "politics": 6
          },
          {
            "science": 4
          },
          {
            "technology": 3
          },
          {
            "media": 5
          },
          {
            "culture": 5
          },
          {
            "business": 5
          },
          {
            "sports": 2
          },
          {
            "religion": 3
          },
          {
            "military": 2
          }
        ]
      }
    },
    {
      "type": "Feature",
      "properties": {
        "name": "Qatar",
        "ne_id": 1159321197,
        "continent": "Asia",
        "iso_code": "QA",
        "iso_a3": "QAT",
        "region_un": "Asia",
        "label_x": 51.143509,
        "label_y": 25.237383,
        "gdp_md": 175837,
        "pop_est": 2832067,
        "pride_index": [
          {
            "activism": 3
          },
          {
            "politics": 4
          },
          {
            "science": 2
          },
          {
            "technology": 6
          },
          {
            "media": 3
          },
          {
            "culture": 5
          },
          {
            "business": 4
          },
          {
            "sports": 6
          },
          {
            "religion": 3
          },
          {
            "military": 2
          }
        ]
      }
    },
    {
      "type": "Feature",
      "properties": {
        "name": "Saudi Arabia",
        "ne_id": 1159321225,
        "continent": "Asia",
        "iso_code": "SA",
        "iso_a3": "SAU",
        "region_un": "Asia",
        "label_x": 44.6996,
        "label_y": 23.806908,
        "gdp_md": 792966,
        "pop_est": 34268528,
        "pride_index": [
          {
            "activism": 4
          },
          {
            "politics": 1
          },
          {
            "science": 2
          },
          {
            "technology": 7
          },
          {
            "media": 3
          },
          {
            "culture": 5
          },
          {
            "business": 5
          },
          {
            "sports": 7
          },
          {
            "religion": 6
          },
          {
            "military": 3
          }
        ]
      }
    },
    {
      "type": "Feature",
      "properties": {
        "name": "Pakistan",
        "ne_id": 1159321153,
        "continent": "Asia",
        "iso_code": "PK",
        "iso_a3": "PAK",
        "region_un": "Asia",
        "label_x": 68.545632,
        "label_y": 29.328389,
        "gdp_md": 278221,
        "pop_est": 216565318,
        "pride_index": [
          {
            "activism": 10
          },
          {
            "politics": 2
          },
          {
            "science": 9
          },
          {
            "technology": 6
          },
          {
            "media": 7
          },
          {
            "culture": 2
          },
          {
            "business": 8
          },
          {
            "sports": 8
          },
          {
            "religion": 10
          },
          {
            "military": 2
          }
        ]
      }
    },
    {
      "type": "Feature",
      "properties": {
        "name": "Thailand",
        "ne_id": 1159321305,
        "continent": "Asia",
        "iso_code": "TH",
        "iso_a3": "THA",
        "region_un": "Asia",
        "label_x": 101.073198,
        "label_y": 15.45974,
        "gdp_md": 543548,
        "pop_est": 69625582,
        "pride_index": [
          {
            "activism": 6
          },
          {
            "politics": 7
          },
          {
            "science": 6
          },
          {
            "technology": 7
          },
          {
            "media": 6
          },
          {
            "culture": 3
          },
          {
            "business": 7
          },
          {
            "sports": 1
          },
          {
            "religion": 10
          },
          {
            "military": 9
          }
        ]
      }
    },
    {
      "type": "Feature",
      "properties": {
        "name": "Kuwait",
        "ne_id": 1159321009,
        "continent": "Asia",
        "iso_code": "KW",
        "iso_a3": "KWT",
        "region_un": "Asia",
        "label_x": 47.313999,
        "label_y": 29.413628,
        "gdp_md": 134628,
        "pop_est": 4207083,
        "pride_index": [
          {
            "activism": 9
          },
          {
            "politics": 5
          },
          {
            "science": 10
          },
          {
            "technology": 7
          },
          {
            "media": 8
          },
          {
            "culture": 10
          },
          {
            "business": 8
          },
          {
            "sports": 2
          },
          {
            "religion": 1
          },
          {
            "military": 2
          }
        ]
      }
    },
    {
      "type": "Feature",
      "properties": {
        "name": "Timor-Leste",
        "ne_id": 1159321313,
        "continent": "Asia",
        "iso_code": "TL",
        "iso_a3": "TLS",
        "region_un": "Asia",
        "label_x": 125.854679,
        "label_y": -8.803705,
        "gdp_md": 2017,
        "pop_est": 1293119,
        "pride_index": [
          {
            "activism": 1
          },
          {
            "politics": 3
          },
          {
            "science": 4
          },
          {
            "technology": 3
          },
          {
            "media": 5
          },
          {
            "culture": 6
          },
          {
            "business": 6
          },
          {
            "sports": 6
          },
          {
            "religion": 9
          },
          {
            "military": 10
          }
        ]
      }
    },
    {
      "type": "Feature",
      "properties": {
        "name": "Brunei",
        "ne_id": 1159320451,
        "continent": "Asia",
        "iso_code": "BN",
        "iso_a3": "BRN",
        "region_un": "Asia",
        "label_x": 114.551943,
        "label_y": 4.448298,
        "gdp_md": 13469,
        "pop_est": 433285,
        "pride_index": [
          {
            "activism": 1
          },
          {
            "politics": 8
          },
          {
            "science": 3
          },
          {
            "technology": 7
          },
          {
            "media": 2
          },
          {
            "culture": 7
          },
          {
            "business": 10
          },
          {
            "sports": 10
          },
          {
            "religion": 7
          },
          {
            "military": 1
          }
        ]
      }
    },
    {
      "type": "Feature",
      "properties": {
        "name": "Myanmar",
        "ne_id": 1159321067,
        "continent": "Asia",
        "iso_code": "MM",
        "iso_a3": "MMR",
        "region_un": "Asia",
        "label_x": 95.804497,
        "label_y": 21.573855,
        "gdp_md": 76085,
        "pop_est": 54045420,
        "pride_index": [
          {
            "activism": 6
          },
          {
            "politics": 10
          },
          {
            "science": 2
          },
          {
            "technology": 6
          },
          {
            "media": 2
          },
          {
            "culture": 9
          },
          {
            "business": 6
          },
          {
            "sports": 1
          },
          {
            "religion": 3
          },
          {
            "military": 5
          }
        ]
      }
    },
    {
      "type": "Feature",
      "properties": {
        "name": "Bangladesh",
        "ne_id": 1159320407,
        "continent": "Asia",
        "iso_code": "BD",
        "iso_a3": "BGD",
        "region_un": "Asia",
        "label_x": 89.684963,
        "label_y": 24.214956,
        "gdp_md": 302571,
        "pop_est": 163046161,
        "pride_index": [
          {
            "activism": 7
          },
          {
            "politics": 3
          },
          {
            "science": 6
          },
          {
            "technology": 4
          },
          {
            "media": 3
          },
          {
            "culture": 6
          },
          {
            "business": 6
          },
          {
            "sports": 6
          },
          {
            "religion": 2
          },
          {
            "military": 10
          }
        ]
      }
    },
    {
      "type": "Feature",
      "properties": {
        "name": "Afghanistan",
        "ne_id": 1159320319,
        "continent": "Asia",
        "iso_code": "AF",
        "iso_a3": "AFG",
        "region_un": "Asia",
        "label_x": 66.496586,
        "label_y": 34.164262,
        "gdp_md": 19291,
        "pop_est": 38041754,
        "pride_index": [
          {
            "activism": 10
          },
          {
            "politics": 3
          },
          {
            "science": 4
          },
          {
            "technology": 6
          },
          {
            "media": 9
          },
          {
            "culture": 6
          },
          {
            "business": 7
          },
          {
            "sports": 6
          },
          {
            "religion": 8
          },
          {
            "military": 2
          }
        ]
      }
    },
    {
      "type": "Feature",
      "properties": {
        "name": "Turkmenistan",
        "ne_id": 1159321309,
        "continent": "Asia",
        "iso_code": "TM",
        "iso_a3": "TKM",
        "region_un": "Asia",
        "label_x": 58.676647,
        "label_y": 39.855246,
        "gdp_md": 40761,
        "pop_est": 5942089,
        "pride_index": [
          {
            "activism": 6
          },
          {
            "politics": 6
          },
          {
            "science": 8
          },
          {
            "technology": 5
          },
          {
            "media": 9
          },
          {
            "culture": 10
          },
          {
            "business": 5
          },
          {
            "sports": 5
          },
          {
            "religion": 9
          },
          {
            "military": 4
          }
        ]
      }
    },
    {
      "type": "Feature",
      "properties": {
        "name": "Jordan",
        "ne_id": 1159320935,
        "continent": "Asia",
        "iso_code": "JO",
        "iso_a3": "JOR",
        "region_un": "Asia",
        "label_x": 36.375991,
        "label_y": 30.805025,
        "gdp_md": 44502,
        "pop_est": 10101694,
        "pride_index": [
          {
            "activism": 3
          },
          {
            "politics": 1
          },
          {
            "science": 10
          },
          {
            "technology": 5
          },
          {
            "media": 10
          },
          {
            "culture": 5
          },
          {
            "business": 8
          },
          {
            "sports": 1
          },
          {
            "religion": 6
          },
          {
            "military": 1
          }
        ]
      }
    },
    {
      "type": "Feature",
      "properties": {
        "name": "Nepal",
        "ne_id": 1159321121,
        "continent": "Asia",
        "iso_code": "NP",
        "iso_a3": "NPL",
        "region_un": "Asia",
        "label_x": 83.639914,
        "label_y": 28.297925,
        "gdp_md": 30641,
        "pop_est": 28608710,
        "pride_index": [
          {
            "activism": 5
          },
          {
            "politics": 8
          },
          {
            "science": 7
          },
          {
            "technology": 9
          },
          {
            "media": 8
          },
          {
            "culture": 1
          },
          {
            "business": 10
          },
          {
            "sports": 1
          },
          {
            "religion": 9
          },
          {
            "military": 7
          }
        ]
      }
    },
    {
      "type": "Feature",
      "properties": {
        "name": "Yemen",
        "ne_id": 1159321425,
        "continent": "Asia",
        "iso_code": "YE",
        "iso_a3": "YEM",
        "region_un": "Asia",
        "label_x": 45.874383,
        "label_y": 15.328226,
        "gdp_md": 22581,
        "pop_est": 29161922,
        "pride_index": [
          {
            "activism": 3
          },
          {
            "politics": 8
          },
          {
            "science": 9
          },
          {
            "technology": 6
          },
          {
            "media": 1
          },
          {
            "culture": 7
          },
          {
            "business": 6
          },
          {
            "sports": 1
          },
          {
            "religion": 2
          },
          {
            "military": 7
          }
        ]
      }
    },
    {
      "type": "Feature",
      "properties": {
        "name": "N. Cyprus",
        "ne_id": 1159320531,
        "continent": "Asia",
        "iso_code": "-99",
        "iso_a3": "-99",
        "region_un": "Asia",
        "label_x": 33.692434,
        "label_y": 35.216071,
        "gdp_md": 3600,
        "pop_est": 326000,
        "pride_index": [
          {
            "activism": 1
          },
          {
            "politics": 4
          },
          {
            "science": 5
          },
          {
            "technology": 2
          },
          {
            "media": 2
          },
          {
            "culture": 1
          },
          {
            "business": 4
          },
          {
            "sports": 7
          },
          {
            "religion": 8
          },
          {
            "military": 2
          }
        ]
      }
    },
    {
      "type": "Feature",
      "properties": {
        "name": "Philippines",
        "ne_id": 1159321169,
        "continent": "Asia",
        "iso_code": "PH",
        "iso_a3": "PHL",
        "region_un": "Asia",
        "label_x": 122.465,
        "label_y": 11.198,
        "gdp_md": 376795,
        "pop_est": 108116615,
        "pride_index": [
          {
            "activism": 1
          },
          {
            "politics": 3
          },
          {
            "science": 8
          },
          {
            "technology": 8
          },
          {
            "media": 4
          },
          {
            "culture": 2
          },
          {
            "business": 6
          },
          {
            "sports": 8
          },
          {
            "religion": 3
          },
          {
            "military": 3
          }
        ]
      }
    },
    {
      "type": "Feature",
      "properties": {
        "name": "Sri Lanka",
        "ne_id": 1159321025,
        "continent": "Asia",
        "iso_code": "LK",
        "iso_a3": "LKA",
        "region_un": "Asia",
        "label_x": 80.704823,
        "label_y": 7.581097,
        "gdp_md": 84008,
        "pop_est": 21803000,
        "pride_index": [
          {
            "activism": 8
          },
          {
            "politics": 6
          },
          {
            "science": 2
          },
          {
            "technology": 4
          },
          {
            "media": 10
          },
          {
            "culture": 8
          },
          {
            "business": 8
          },
          {
            "sports": 5
          },
          {
            "religion": 8
          },
          {
            "military": 3
          }
        ]
      }
    },
    {
      "type": "Feature",
      "properties": {
        "name": "Taiwan",
        "ne_id": 1159321335,
        "continent": "Asia",
        "iso_code": "CN-TW",
        "iso_a3": "TWN",
        "region_un": "Asia",
        "label_x": 120.868204,
        "label_y": 23.652408,
        "gdp_md": 1127000,
        "pop_est": 23568378,
        "pride_index": [
          {
            "activism": 2
          },
          {
            "politics": 10
          },
          {
            "science": 8
          },
          {
            "technology": 7
          },
          {
            "media": 8
          },
          {
            "culture": 7
          },
          {
            "business": 5
          },
          {
            "sports": 7
          },
          {
            "religion": 1
          },
          {
            "military": 6
          }
        ]
      }
    },
    {
      "type": "Feature",
      "properties": {
        "name": "Japan",
        "ne_id": 1159320937,
        "continent": "Asia",
        "iso_code": "JP",
        "iso_a3": "JPN",
        "region_un": "Asia",
        "label_x": 138.44217,
        "label_y": 36.142538,
        "gdp_md": 5081769,
        "pop_est": 126264931,
        "pride_index": [
          {
            "activism": 8
          },
          {
            "politics": 10
          },
          {
            "science": 2
          },
          {
            "technology": 2
          },
          {
            "media": 1
          },
          {
            "culture": 1
          },
          {
            "business": 9
          },
          {
            "sports": 8
          },
          {
            "religion": 8
          },
          {
            "military": 4
          }
        ]
      }
    },
    {
      "type": "Feature",
      "properties": {
        "name": "Chile",
        "ne_id": 1159320493,
        "continent": "South America",
        "iso_code": "CL",
        "iso_a3": "CHL",
        "region_un": "Americas",
        "label_x": -72.318871,
        "label_y": -38.151771,
        "gdp_md": 282318,
        "pop_est": 18952038,
        "pride_index": [
          {
            "activism": 8
          },
          {
            "politics": 7
          },
          {
            "science": 8
          },
          {
            "technology": 5
          },
          {
            "media": 1
          },
          {
            "culture": 6
          },
          {
            "business": 4
          },
          {
            "sports": 1
          },
          {
            "religion": 9
          },
          {
            "military": 10
          }
        ]
      }
    },
    {
      "type": "Feature",
      "properties": {
        "name": "Bolivia",
        "ne_id": 1159320439,
        "continent": "South America",
        "iso_code": "BO",
        "iso_a3": "BOL",
        "region_un": "Americas",
        "label_x": -64.593433,
        "label_y": -16.666015,
        "gdp_md": 40895,
        "pop_est": 11513100,
        "pride_index": [
          {
            "activism": 2
          },
          {
            "politics": 3
          },
          {
            "science": 8
          },
          {
            "technology": 5
          },
          {
            "media": 7
          },
          {
            "culture": 8
          },
          {
            "business": 5
          },
          {
            "sports": 10
          },
          {
            "religion": 4
          },
          {
            "military": 3
          }
        ]
      }
    },
    {
      "type": "Feature",
      "properties": {
        "name": "Peru",
        "ne_id": 1159321163,
        "continent": "South America",
        "iso_code": "PE",
        "iso_a3": "PER",
        "region_un": "Americas",
        "label_x": -72.90016,
        "label_y": -12.976679,
        "gdp_md": 226848,
        "pop_est": 32510453,
        "pride_index": [
          {
            "activism": 7
          },
          {
            "politics": 8
          },
          {
            "science": 2
          },
          {
            "technology": 9
          },
          {
            "media": 9
          },
          {
            "culture": 4
          },
          {
            "business": 4
          },
          {
            "sports": 7
          },
          {
            "religion": 5
          },
          {
            "military": 8
          }
        ]
      }
    },
    {
      "type": "Feature",
      "properties": {
        "name": "Argentina",
        "ne_id": 1159320331,
        "continent": "South America",
        "iso_code": "AR",
        "iso_a3": "ARG",
        "region_un": "Americas",
        "label_x": -64.173331,
        "label_y": -33.501159,
        "gdp_md": 445445,
        "pop_est": 44938712,
        "pride_index": [
          {
            "activism": 7
          },
          {
            "politics": 9
          },
          {
            "science": 7
          },
          {
            "technology": 4
          },
          {
            "media": 7
          },
          {
            "culture": 3
          },
          {
            "business": 7
          },
          {
            "sports": 1
          },
          {
            "religion": 9
          },
          {
            "military": 3
          }
        ]
      }
    },
    {
      "type": "Feature",
      "properties": {
        "name": "Suriname",
        "ne_id": 1159321281,
        "continent": "South America",
        "iso_code": "SR",
        "iso_a3": "SUR",
        "region_un": "Americas",
        "label_x": -55.91094,
        "label_y": 4.143987,
        "gdp_md": 3697,
        "pop_est": 581363,
        "pride_index": [
          {
            "activism": 3
          },
          {
            "politics": 6
          },
          {
            "science": 9
          },
          {
            "technology": 1
          },
          {
            "media": 6
          },
          {
            "culture": 6
          },
          {
            "business": 2
          },
          {
            "sports": 7
          },
          {
            "religion": 1
          },
          {
            "military": 2
          }
        ]
      }
    },
    {
      "type": "Feature",
      "properties": {
        "name": "Guyana",
        "ne_id": 1159320817,
        "continent": "South America",
        "iso_code": "GY",
        "iso_a3": "GUY",
        "region_un": "Americas",
        "label_x": -58.942643,
        "label_y": 5.124317,
        "gdp_md": 5173,
        "pop_est": 782766,
        "pride_index": [
          {
            "activism": 4
          },
          {
            "politics": 6
          },
          {
            "science": 1
          },
          {
            "technology": 2
          },
          {
            "media": 2
          },
          {
            "culture": 9
          },
          {
            "business": 4
          },
          {
            "sports": 5
          },
          {
            "religion": 3
          },
          {
            "military": 2
          }
        ]
      }
    },
    {
      "type": "Feature",
      "properties": {
        "name": "Brazil",
        "ne_id": 1159320441,
        "continent": "South America",
        "iso_code": "BR",
        "iso_a3": "BRA",
        "region_un": "Americas",
        "label_x": -49.55945,
        "label_y": -12.098687,
        "gdp_md": 1839758,
        "pop_est": 211049527,
        "pride_index": [
          {
            "activism": 8
          },
          {
            "politics": 4
          },
          {
            "science": 10
          },
          {
            "technology": 5
          },
          {
            "media": 6
          },
          {
            "culture": 1
          },
          {
            "business": 4
          },
          {
            "sports": 6
          },
          {
            "religion": 2
          },
          {
            "military": 6
          }
        ]
      }
    },
    {
      "type": "Feature",
      "properties": {
        "name": "Uruguay",
        "ne_id": 1159321353,
        "continent": "South America",
        "iso_code": "UY",
        "iso_a3": "URY",
        "region_un": "Americas",
        "label_x": -55.966942,
        "label_y": -32.961127,
        "gdp_md": 56045,
        "pop_est": 3461734,
        "pride_index": [
          {
            "activism": 9
          },
          {
            "politics": 8
          },
          {
            "science": 4
          },
          {
            "technology": 5
          },
          {
            "media": 6
          },
          {
            "culture": 1
          },
          {
            "business": 8
          },
          {
            "sports": 9
          },
          {
            "religion": 8
          },
          {
            "military": 2
          }
        ]
      }
    },
    {
      "type": "Feature",
      "properties": {
        "name": "Ecuador",
        "ne_id": 1159320567,
        "continent": "South America",
        "iso_code": "EC",
        "iso_a3": "ECU",
        "region_un": "Americas",
        "label_x": -78.188375,
        "label_y": -1.259076,
        "gdp_md": 107435,
        "pop_est": 17373662,
        "pride_index": [
          {
            "activism": 3
          },
          {
            "politics": 9
          },
          {
            "science": 2
          },
          {
            "technology": 5
          },
          {
            "media": 5
          },
          {
            "culture": 8
          },
          {
            "business": 8
          },
          {
            "sports": 7
          },
          {
            "religion": 1
          },
          {
            "military": 7
          }
        ]
      }
    },
    {
      "type": "Feature",
      "properties": {
        "name": "Colombia",
        "ne_id": 1159320517,
        "continent": "South America",
        "iso_code": "CO",
        "iso_a3": "COL",
        "region_un": "Americas",
        "label_x": -73.174347,
        "label_y": 3.373111,
        "gdp_md": 323615,
        "pop_est": 50339443,
        "pride_index": [
          {
            "activism": 4
          },
          {
            "politics": 2
          },
          {
            "science": 8
          },
          {
            "technology": 6
          },
          {
            "media": 3
          },
          {
            "culture": 3
          },
          {
            "business": 10
          },
          {
            "sports": 8
          },
          {
            "religion": 3
          },
          {
            "military": 1
          }
        ]
      }
    },
    {
      "type": "Feature",
      "properties": {
        "name": "Paraguay",
        "ne_id": 1159321195,
        "continent": "South America",
        "iso_code": "PY",
        "iso_a3": "PRY",
        "region_un": "Americas",
        "label_x": -60.146394,
        "label_y": -21.674509,
        "gdp_md": 38145,
        "pop_est": 7044636,
        "pride_index": [
          {
            "activism": 2
          },
          {
            "politics": 1
          },
          {
            "science": 6
          },
          {
            "technology": 5
          },
          {
            "media": 1
          },
          {
            "culture": 10
          },
          {
            "business": 4
          },
          {
            "sports": 6
          },
          {
            "religion": 10
          },
          {
            "military": 3
          }
        ]
      }
    },
    {
      "type": "Feature",
      "properties": {
        "name": "Venezuela",
        "ne_id": 1159321411,
        "continent": "South America",
        "iso_code": "VE",
        "iso_a3": "VEN",
        "region_un": "Americas",
        "label_x": -64.599381,
        "label_y": 7.182476,
        "gdp_md": 482359,
        "pop_est": 28515829,
        "pride_index": [
          {
            "activism": 1
          },
          {
            "politics": 8
          },
          {
            "science": 6
          },
          {
            "technology": 3
          },
          {
            "media": 8
          },
          {
            "culture": 10
          },
          {
            "business": 10
          },
          {
            "sports": 8
          },
          {
            "religion": 1
          },
          {
            "military": 5
          }
        ]
      }
    },
    {
      "type": "Feature",
      "properties": {
        "name": "Falkland Is.",
        "ne_id": 1159320711,
        "continent": "South America",
        "iso_code": "FK",
        "iso_a3": "FLK",
        "region_un": "Americas",
        "label_x": -58.738602,
        "label_y": -51.608913,
        "gdp_md": 282,
        "pop_est": 3398,
        "pride_index": [
          {
            "activism": 2
          },
          {
            "politics": 1
          },
          {
            "science": 7
          },
          {
            "technology": 4
          },
          {
            "media": 2
          },
          {
            "culture": 9
          },
          {
            "business": 3
          },
          {
            "sports": 4
          },
          {
            "religion": 4
          },
          {
            "military": 10
          }
        ]
      }
    },
    {
      "type": "Feature",
      "properties": {
        "name": "Ethiopia",
        "ne_id": 1159320617,
        "continent": "Africa",
        "iso_code": "ET",
        "iso_a3": "ETH",
        "region_un": "Africa",
        "label_x": 39.0886,
        "label_y": 8.032795,
        "gdp_md": 95912,
        "pop_est": 112078730,
        "pride_index": [
          {
            "activism": 10
          },
          {
            "politics": 4
          },
          {
            "science": 2
          },
          {
            "technology": 8
          },
          {
            "media": 5
          },
          {
            "culture": 6
          },
          {
            "business": 8
          },
          {
            "sports": 4
          },
          {
            "religion": 6
          },
          {
            "military": 8
          }
        ]
      }
    },
    {
      "type": "Feature",
      "properties": {
        "name": "S. Sudan",
        "ne_id": 1159321235,
        "continent": "Africa",
        "iso_code": "SS",
        "iso_a3": "SSD",
        "region_un": "Africa",
        "label_x": 30.390151,
        "label_y": 7.230477,
        "gdp_md": 11998,
        "pop_est": 11062113,
        "pride_index": [
          {
            "activism": 3
          },
          {
            "politics": 8
          },
          {
            "science": 3
          },
          {
            "technology": 1
          },
          {
            "media": 3
          },
          {
            "culture": 8
          },
          {
            "business": 7
          },
          {
            "sports": 5
          },
          {
            "religion": 9
          },
          {
            "military": 2
          }
        ]
      }
    },
    {
      "type": "Feature",
      "properties": {
        "name": "Somalia",
        "ne_id": 1159321261,
        "continent": "Africa",
        "iso_code": "SO",
        "iso_a3": "SOM",
        "region_un": "Africa",
        "label_x": 45.19238,
        "label_y": 3.568925,
        "gdp_md": 4719,
        "pop_est": 10192317.3,
        "pride_index": [
          {
            "activism": 3
          },
          {
            "politics": 7
          },
          {
            "science": 2
          },
          {
            "technology": 4
          },
          {
            "media": 4
          },
          {
            "culture": 5
          },
          {
            "business": 6
          },
          {
            "sports": 10
          },
          {
            "religion": 1
          },
          {
            "military": 7
          }
        ]
      }
    },
    {
      "type": "Feature",
      "properties": {
        "name": "Kenya",
        "ne_id": 1159320971,
        "continent": "Africa",
        "iso_code": "KE",
        "iso_a3": "KEN",
        "region_un": "Africa",
        "label_x": 37.907632,
        "label_y": 0.549043,
        "gdp_md": 95503,
        "pop_est": 52573973,
        "pride_index": [
          {
            "activism": 6
          },
          {
            "politics": 4
          },
          {
            "science": 1
          },
          {
            "technology": 10
          },
          {
            "media": 10
          },
          {
            "culture": 9
          },
          {
            "business": 9
          },
          {
            "sports": 9
          },
          {
            "religion": 1
          },
          {
            "military": 2
          }
        ]
      }
    },
    {
      "type": "Feature",
      "properties": {
        "name": "Malawi",
        "ne_id": 1159321081,
        "continent": "Africa",
        "iso_code": "MW",
        "iso_a3": "MWI",
        "region_un": "Africa",
        "label_x": 33.608082,
        "label_y": -13.386737,
        "gdp_md": 7666,
        "pop_est": 18628747,
        "pride_index": [
          {
            "activism": 10
          },
          {
            "politics": 5
          },
          {
            "science": 8
          },
          {
            "technology": 1
          },
          {
            "media": 1
          },
          {
            "culture": 3
          },
          {
            "business": 7
          },
          {
            "sports": 4
          },
          {
            "religion": 4
          },
          {
            "military": 4
          }
        ]
      }
    },
    {
      "type": "Feature",
      "properties": {
        "name": "Tanzania",
        "ne_id": 1159321337,
        "continent": "Africa",
        "iso_code": "TZ",
        "iso_a3": "TZA",
        "region_un": "Africa",
        "label_x": 34.959183,
        "label_y": -6.051866,
        "gdp_md": 63177,
        "pop_est": 58005463,
        "pride_index": [
          {
            "activism": 5
          },
          {
            "politics": 2
          },
          {
            "science": 8
          },
          {
            "technology": 4
          },
          {
            "media": 10
          },
          {
            "culture": 9
          },
          {
            "business": 9
          },
          {
            "sports": 7
          },
          {
            "religion": 6
          },
          {
            "military": 4
          }
        ]
      }
    },
    {
      "type": "Feature",
      "properties": {
        "name": "Somaliland",
        "ne_id": 1159321259,
        "continent": "Africa",
        "iso_code": "-99",
        "iso_a3": "-99",
        "region_un": "Africa",
        "label_x": 46.731595,
        "label_y": 9.443889,
        "gdp_md": 17836,
        "pop_est": 5096159,
        "pride_index": [
          {
            "activism": 6
          },
          {
            "politics": 9
          },
          {
            "science": 10
          },
          {
            "technology": 10
          },
          {
            "media": 8
          },
          {
            "culture": 8
          },
          {
            "business": 3
          },
          {
            "sports": 5
          },
          {
            "religion": 4
          },
          {
            "military": 8
          }
        ]
      }
    },
    {
      "type": "Feature",
      "properties": {
        "name": "Morocco",
        "ne_id": 1159321035,
        "continent": "Africa",
        "iso_code": "MA",
        "iso_a3": "MAR",
        "region_un": "Africa",
        "label_x": -7.187296,
        "label_y": 31.650723,
        "gdp_md": 119700,
        "pop_est": 36471769,
        "pride_index": [
          {
            "activism": 1
          },
          {
            "politics": 9
          },
          {
            "science": 10
          },
          {
            "technology": 2
          },
          {
            "media": 8
          },
          {
            "culture": 10
          },
          {
            "business": 4
          },
          {
            "sports": 1
          },
          {
            "religion": 1
          },
          {
            "military": 6
          }
        ]
      }
    },
    {
      "type": "Feature",
      "properties": {
        "name": "W. Sahara",
        "ne_id": 1159321223,
        "continent": "Africa",
        "iso_code": "EH",
        "iso_a3": "ESH",
        "region_un": "Africa",
        "label_x": -12.630304,
        "label_y": 23.967592,
        "gdp_md": 907,
        "pop_est": 603253,
        "pride_index": [
          {
            "activism": 3
          },
          {
            "politics": 10
          },
          {
            "science": 2
          },
          {
            "technology": 4
          },
          {
            "media": 5
          },
          {
            "culture": 6
          },
          {
            "business": 5
          },
          {
            "sports": 1
          },
          {
            "religion": 10
          },
          {
            "military": 2
          }
        ]
      }
    },
    {
      "type": "Feature",
      "properties": {
        "name": "Congo",
        "ne_id": 1159320515,
        "continent": "Africa",
        "iso_code": "CG",
        "iso_a3": "COG",
        "region_un": "Africa",
        "label_x": 15.9005,
        "label_y": 0.142331,
        "gdp_md": 12267,
        "pop_est": 5380508,
        "pride_index": [
          {
            "activism": 9
          },
          {
            "politics": 6
          },
          {
            "science": 8
          },
          {
            "technology": 4
          },
          {
            "media": 7
          },
          {
            "culture": 8
          },
          {
            "business": 3
          },
          {
            "sports": 1
          },
          {
            "religion": 6
          },
          {
            "military": 10
          }
        ]
      }
    },
    {
      "type": "Feature",
      "properties": {
        "name": "Dem. Rep. Congo",
        "ne_id": 1159320513,
        "continent": "Africa",
        "iso_code": "CD",
        "iso_a3": "COD",
        "region_un": "Africa",
        "label_x": 23.458829,
        "label_y": -1.858167,
        "gdp_md": 50400,
        "pop_est": 86790567,
        "pride_index": [
          {
            "activism": 7
          },
          {
            "politics": 3
          },
          {
            "science": 3
          },
          {
            "technology": 1
          },
          {
            "media": 8
          },
          {
            "culture": 5
          },
          {
            "business": 3
          },
          {
            "sports": 7
          },
          {
            "religion": 9
          },
          {
            "military": 10
          }
        ]
      }
    },
    {
      "type": "Feature",
      "properties": {
        "name": "Namibia",
        "ne_id": 1159321085,
        "continent": "Africa",
        "iso_code": "NA",
        "iso_a3": "NAM",
        "region_un": "Africa",
        "label_x": 17.108166,
        "label_y": -20.575298,
        "gdp_md": 12366,
        "pop_est": 2494530,
        "pride_index": [
          {
            "activism": 6
          },
          {
            "politics": 9
          },
          {
            "science": 5
          },
          {
            "technology": 9
          },
          {
            "media": 2
          },
          {
            "culture": 6
          },
          {
            "business": 6
          },
          {
            "sports": 10
          },
          {
            "religion": 7
          },
          {
            "military": 7
          }
        ]
      }
    },
    {
      "type": "Feature",
      "properties": {
        "name": "South Africa",
        "ne_id": 1159321431,
        "continent": "Africa",
        "iso_code": "ZA",
        "iso_a3": "ZAF",
        "region_un": "Africa",
        "label_x": 23.665734,
        "label_y": -29.708776,
        "gdp_md": 351431,
        "pop_est": 58558270,
        "pride_index": [
          {
            "activism": 4
          },
          {
            "politics": 7
          },
          {
            "science": 1
          },
          {
            "technology": 2
          },
          {
            "media": 8
          },
          {
            "culture": 9
          },
          {
            "business": 7
          },
          {
            "sports": 8
          },
          {
            "religion": 1
          },
          {
            "military": 4
          }
        ]
      }
    },
    {
      "type": "Feature",
      "properties": {
        "name": "Libya",
        "ne_id": 1159321017,
        "continent": "Africa",
        "iso_code": "LY",
        "iso_a3": "LBY",
        "region_un": "Africa",
        "label_x": 18.011015,
        "label_y": 26.638944,
        "gdp_md": 52091,
        "pop_est": 6777452,
        "pride_index": [
          {
            "activism": 1
          },
          {
            "politics": 2
          },
          {
            "science": 4
          },
          {
            "technology": 8
          },
          {
            "media": 3
          },
          {
            "culture": 9
          },
          {
            "business": 9
          },
          {
            "sports": 7
          },
          {
            "religion": 4
          },
          {
            "military": 5
          }
        ]
      }
    },
    {
      "type": "Feature",
      "properties": {
        "name": "Tunisia",
        "ne_id": 1159321327,
        "continent": "Africa",
        "iso_code": "TN",
        "iso_a3": "TUN",
        "region_un": "Africa",
        "label_x": 9.007881,
        "label_y": 33.687263,
        "gdp_md": 38796,
        "pop_est": 11694719,
        "pride_index": [
          {
            "activism": 9
          },
          {
            "politics": 6
          },
          {
            "science": 10
          },
          {
            "technology": 6
          },
          {
            "media": 7
          },
          {
            "culture": 3
          },
          {
            "business": 6
          },
          {
            "sports": 2
          },
          {
            "religion": 3
          },
          {
            "military": 3
          }
        ]
      }
    },
    {
      "type": "Feature",
      "properties": {
        "name": "Zambia",
        "ne_id": 1159321439,
        "continent": "Africa",
        "iso_code": "ZM",
        "iso_a3": "ZMB",
        "region_un": "Africa",
        "label_x": 26.395298,
        "label_y": -14.660804,
        "gdp_md": 23309,
        "pop_est": 17861030,
        "pride_index": [
          {
            "activism": 6
          },
          {
            "politics": 8
          },
          {
            "science": 7
          },
          {
            "technology": 5
          },
          {
            "media": 6
          },
          {
            "culture": 8
          },
          {
            "business": 5
          },
          {
            "sports": 7
          },
          {
            "religion": 9
          },
          {
            "military": 3
          }
        ]
      }
    },
    {
      "type": "Feature",
      "properties": {
        "name": "Sierra Leone",
        "ne_id": 1159321251,
        "continent": "Africa",
        "iso_code": "SL",
        "iso_a3": "SLE",
        "region_un": "Africa",
        "label_x": -11.763677,
        "label_y": 8.617449,
        "gdp_md": 4121,
        "pop_est": 7813215,
        "pride_index": [
          {
            "activism": 7
          },
          {
            "politics": 5
          },
          {
            "science": 2
          },
          {
            "technology": 2
          },
          {
            "media": 6
          },
          {
            "culture": 1
          },
          {
            "business": 4
          },
          {
            "sports": 7
          },
          {
            "religion": 7
          },
          {
            "military": 3
          }
        ]
      }
    },
    {
      "type": "Feature",
      "properties": {
        "name": "Guinea",
        "ne_id": 1159320795,
        "continent": "Africa",
        "iso_code": "GN",
        "iso_a3": "GIN",
        "region_un": "Africa",
        "label_x": -10.016402,
        "label_y": 10.618516,
        "gdp_md": 12296,
        "pop_est": 12771246,
        "pride_index": [
          {
            "activism": 3
          },
          {
            "politics": 9
          },
          {
            "science": 5
          },
          {
            "technology": 8
          },
          {
            "media": 9
          },
          {
            "culture": 9
          },
          {
            "business": 3
          },
          {
            "sports": 9
          },
          {
            "religion": 8
          },
          {
            "military": 10
          }
        ]
      }
    },
    {
      "type": "Feature",
      "properties": {
        "name": "Liberia",
        "ne_id": 1159321015,
        "continent": "Africa",
        "iso_code": "LR",
        "iso_a3": "LBR",
        "region_un": "Africa",
        "label_x": -9.460379,
        "label_y": 6.447177,
        "gdp_md": 3070,
        "pop_est": 4937374,
        "pride_index": [
          {
            "activism": 6
          },
          {
            "politics": 10
          },
          {
            "science": 10
          },
          {
            "technology": 4
          },
          {
            "media": 3
          },
          {
            "culture": 1
          },
          {
            "business": 9
          },
          {
            "sports": 4
          },
          {
            "religion": 10
          },
          {
            "military": 10
          }
        ]
      }
    },
    {
      "type": "Feature",
      "properties": {
        "name": "Central African Rep.",
        "ne_id": 1159320463,
        "continent": "Africa",
        "iso_code": "CF",
        "iso_a3": "CAF",
        "region_un": "Africa",
        "label_x": 20.906897,
        "label_y": 6.989681,
        "gdp_md": 2220,
        "pop_est": 4745185,
        "pride_index": [
          {
            "activism": 5
          },
          {
            "politics": 4
          },
          {
            "science": 6
          },
          {
            "technology": 3
          },
          {
            "media": 8
          },
          {
            "culture": 6
          },
          {
            "business": 3
          },
          {
            "sports": 4
          },
          {
            "religion": 5
          },
          {
            "military": 1
          }
        ]
      }
    },
    {
      "type": "Feature",
      "properties": {
        "name": "Sudan",
        "ne_id": 1159321229,
        "continent": "Africa",
        "iso_code": "SD",
        "iso_a3": "SDN",
        "region_un": "Africa",
        "label_x": 29.260657,
        "label_y": 16.330746,
        "gdp_md": 30513,
        "pop_est": 42813238,
        "pride_index": [
          {
            "activism": 1
          },
          {
            "politics": 2
          },
          {
            "science": 3
          },
          {
            "technology": 3
          },
          {
            "media": 10
          },
          {
            "culture": 7
          },
          {
            "business": 9
          },
          {
            "sports": 2
          },
          {
            "religion": 5
          },
          {
            "military": 1
          }
        ]
      }
    },
    {
      "type": "Feature",
      "properties": {
        "name": "Djibouti",
        "ne_id": 1159320541,
        "continent": "Africa",
        "iso_code": "DJ",
        "iso_a3": "DJI",
        "region_un": "Africa",
        "label_x": 42.498825,
        "label_y": 11.976343,
        "gdp_md": 3324,
        "pop_est": 973560,
        "pride_index": [
          {
            "activism": 7
          },
          {
            "politics": 5
          },
          {
            "science": 8
          },
          {
            "technology": 4
          },
          {
            "media": 1
          },
          {
            "culture": 8
          },
          {
            "business": 3
          },
          {
            "sports": 5
          },
          {
            "religion": 9
          },
          {
            "military": 3
          }
        ]
      }
    },
    {
      "type": "Feature",
      "properties": {
        "name": "Eritrea",
        "ne_id": 1159320581,
        "continent": "Africa",
        "iso_code": "ER",
        "iso_a3": "ERI",
        "region_un": "Africa",
        "label_x": 38.285566,
        "label_y": 15.787401,
        "gdp_md": 2065,
        "pop_est": 6081196,
        "pride_index": [
          {
            "activism": 3
          },
          {
            "politics": 1
          },
          {
            "science": 3
          },
          {
            "technology": 5
          },
          {
            "media": 8
          },
          {
            "culture": 5
          },
          {
            "business": 5
          },
          {
            "sports": 8
          },
          {
            "religion": 10
          },
          {
            "military": 3
          }
        ]
      }
    },
    {
      "type": "Feature",
      "properties": {
        "name": "Côte d'Ivoire",
        "ne_id": 1159320507,
        "continent": "Africa",
        "iso_code": "CI",
        "iso_a3": "CIV",
        "region_un": "Africa",
        "label_x": -5.568618,
        "label_y": 7.49139,
        "gdp_md": 58539,
        "pop_est": 25716544,
        "pride_index": [
          {
            "activism": 10
          },
          {
            "politics": 4
          },
          {
            "science": 10
          },
          {
            "technology": 4
          },
          {
            "media": 6
          },
          {
            "culture": 8
          },
          {
            "business": 4
          },
          {
            "sports": 6
          },
          {
            "religion": 9
          },
          {
            "military": 4
          }
        ]
      }
    },
    {
      "type": "Feature",
      "properties": {
        "name": "Mali",
        "ne_id": 1159321063,
        "continent": "Africa",
        "iso_code": "ML",
        "iso_a3": "MLI",
        "region_un": "Africa",
        "label_x": -2.038455,
        "label_y": 18.692713,
        "gdp_md": 17279,
        "pop_est": 19658031,
        "pride_index": [
          {
            "activism": 10
          },
          {
            "politics": 9
          },
          {
            "science": 3
          },
          {
            "technology": 5
          },
          {
            "media": 7
          },
          {
            "culture": 4
          },
          {
            "business": 3
          },
          {
            "sports": 4
          },
          {
            "religion": 7
          },
          {
            "military": 10
          }
        ]
      }
    },
    {
      "type": "Feature",
      "properties": {
        "name": "Senegal",
        "ne_id": 1159321243,
        "continent": "Africa",
        "iso_code": "SN",
        "iso_a3": "SEN",
        "region_un": "Africa",
        "label_x": -14.778586,
        "label_y": 15.138125,
        "gdp_md": 23578,
        "pop_est": 16296364,
        "pride_index": [
          {
            "activism": 2
          },
          {
            "politics": 7
          },
          {
            "science": 1
          },
          {
            "technology": 2
          },
          {
            "media": 9
          },
          {
            "culture": 1
          },
          {
            "business": 3
          },
          {
            "sports": 9
          },
          {
            "religion": 6
          },
          {
            "military": 5
          }
        ]
      }
    },
    {
      "type": "Feature",
      "properties": {
        "name": "Nigeria",
        "ne_id": 1159321089,
        "continent": "Africa",
        "iso_code": "NG",
        "iso_a3": "NGA",
        "region_un": "Africa",
        "label_x": 7.50322,
        "label_y": 9.439799,
        "gdp_md": 448120,
        "pop_est": 200963599,
        "pride_index": [
          {
            "activism": 3
          },
          {
            "politics": 2
          },
          {
            "science": 1
          },
          {
            "technology": 4
          },
          {
            "media": 3
          },
          {
            "culture": 9
          },
          {
            "business": 5
          },
          {
            "sports": 1
          },
          {
            "religion": 9
          },
          {
            "military": 1
          }
        ]
      }
    },
    {
      "type": "Feature",
      "properties": {
        "name": "Benin",
        "ne_id": 1159320399,
        "continent": "Africa",
        "iso_code": "BJ",
        "iso_a3": "BEN",
        "region_un": "Africa",
        "label_x": 2.352018,
        "label_y": 10.324775,
        "gdp_md": 14390,
        "pop_est": 11801151,
        "pride_index": [
          {
            "activism": 3
          },
          {
            "politics": 5
          },
          {
            "science": 7
          },
          {
            "technology": 3
          },
          {
            "media": 2
          },
          {
            "culture": 6
          },
          {
            "business": 6
          },
          {
            "sports": 8
          },
          {
            "religion": 1
          },
          {
            "military": 2
          }
        ]
      }
    },
    {
      "type": "Feature",
      "properties": {
        "name": "Angola",
        "ne_id": 1159320323,
        "continent": "Africa",
        "iso_code": "AO",
        "iso_a3": "AGO",
        "region_un": "Africa",
        "label_x": 17.984249,
        "label_y": -12.182762,
        "gdp_md": 88815,
        "pop_est": 31825295,
        "pride_index": [
          {
            "activism": 3
          },
          {
            "politics": 2
          },
          {
            "science": 9
          },
          {
            "technology": 10
          },
          {
            "media": 4
          },
          {
            "culture": 5
          },
          {
            "business": 2
          },
          {
            "sports": 6
          },
          {
            "religion": 5
          },
          {
            "military": 4
          }
        ]
      }
    },
    {
      "type": "Feature",
      "properties": {
        "name": "Botswana",
        "ne_id": 1159320461,
        "continent": "Africa",
        "iso_code": "BW",
        "iso_a3": "BWA",
        "region_un": "Africa",
        "label_x": 24.179216,
        "label_y": -22.102634,
        "gdp_md": 18340,
        "pop_est": 2303697,
        "pride_index": [
          {
            "activism": 6
          },
          {
            "politics": 5
          },
          {
            "science": 1
          },
          {
            "technology": 8
          },
          {
            "media": 2
          },
          {
            "culture": 6
          },
          {
            "business": 10
          },
          {
            "sports": 2
          },
          {
            "religion": 1
          },
          {
            "military": 6
          }
        ]
      }
    },
    {
      "type": "Feature",
      "properties": {
        "name": "Zimbabwe",
        "ne_id": 1159321441,
        "continent": "Africa",
        "iso_code": "ZW",
        "iso_a3": "ZWE",
        "region_un": "Africa",
        "label_x": 29.925444,
        "label_y": -18.91164,
        "gdp_md": 21440,
        "pop_est": 14645468,
        "pride_index": [
          {
            "activism": 3
          },
          {
            "politics": 1
          },
          {
            "science": 10
          },
          {
            "technology": 6
          },
          {
            "media": 4
          },
          {
            "culture": 3
          },
          {
            "business": 6
          },
          {
            "sports": 8
          },
          {
            "religion": 4
          },
          {
            "military": 7
          }
        ]
      }
    },
    {
      "type": "Feature",
      "properties": {
        "name": "Chad",
        "ne_id": 1159321301,
        "continent": "Africa",
        "iso_code": "TD",
        "iso_a3": "TCD",
        "region_un": "Africa",
        "label_x": 18.645041,
        "label_y": 15.142959,
        "gdp_md": 11314,
        "pop_est": 15946876,
        "pride_index": [
          {
            "activism": 6
          },
          {
            "politics": 5
          },
          {
            "science": 9
          },
          {
            "technology": 4
          },
          {
            "media": 4
          },
          {
            "culture": 2
          },
          {
            "business": 5
          },
          {
            "sports": 2
          },
          {
            "religion": 8
          },
          {
            "military": 8
          }
        ]
      }
    },
    {
      "type": "Feature",
      "properties": {
        "name": "Algeria",
        "ne_id": 1159320565,
        "continent": "Africa",
        "iso_code": "DZ",
        "iso_a3": "DZA",
        "region_un": "Africa",
        "label_x": 2.808241,
        "label_y": 27.397406,
        "gdp_md": 171091,
        "pop_est": 43053054,
        "pride_index": [
          {
            "activism": 8
          },
          {
            "politics": 2
          },
          {
            "science": 6
          },
          {
            "technology": 6
          },
          {
            "media": 2
          },
          {
            "culture": 1
          },
          {
            "business": 1
          },
          {
            "sports": 1
          },
          {
            "religion": 1
          },
          {
            "military": 5
          }
        ]
      }
    },
    {
      "type": "Feature",
      "properties": {
        "name": "Mozambique",
        "ne_id": 1159321073,
        "continent": "Africa",
        "iso_code": "MZ",
        "iso_a3": "MOZ",
        "region_un": "Africa",
        "label_x": 37.83789,
        "label_y": -13.94323,
        "gdp_md": 15291,
        "pop_est": 30366036,
        "pride_index": [
          {
            "activism": 6
          },
          {
            "politics": 1
          },
          {
            "science": 9
          },
          {
            "technology": 2
          },
          {
            "media": 3
          },
          {
            "culture": 4
          },
          {
            "business": 2
          },
          {
            "sports": 8
          },
          {
            "religion": 2
          },
          {
            "military": 4
          }
        ]
      }
    },
    {
      "type": "Feature",
      "properties": {
        "name": "eSwatini",
        "ne_id": 1159321289,
        "continent": "Africa",
        "iso_code": "SZ",
        "iso_a3": "SWZ",
        "region_un": "Africa",
        "label_x": 31.467264,
        "label_y": -26.533676,
        "gdp_md": 4471,
        "pop_est": 1148130,
        "pride_index": [
          {
            "activism": 10
          },
          {
            "politics": 9
          },
          {
            "science": 9
          },
          {
            "technology": 10
          },
          {
            "media": 8
          },
          {
            "culture": 3
          },
          {
            "business": 5
          },
          {
            "sports": 6
          },
          {
            "religion": 7
          },
          {
            "military": 2
          }
        ]
      }
    },
    {
      "type": "Feature",
      "properties": {
        "name": "Burundi",
        "ne_id": 1159320387,
        "continent": "Africa",
        "iso_code": "BI",
        "iso_a3": "BDI",
        "region_un": "Africa",
        "label_x": 29.917086,
        "label_y": -3.332836,
        "gdp_md": 3012,
        "pop_est": 11530580,
        "pride_index": [
          {
            "activism": 9
          },
          {
            "politics": 5
          },
          {
            "science": 9
          },
          {
            "technology": 7
          },
          {
            "media": 6
          },
          {
            "culture": 2
          },
          {
            "business": 3
          },
          {
            "sports": 8
          },
          {
            "religion": 6
          },
          {
            "military": 6
          }
        ]
      }
    },
    {
      "type": "Feature",
      "properties": {
        "name": "Rwanda",
        "ne_id": 1159321219,
        "continent": "Africa",
        "iso_code": "RW",
        "iso_a3": "RWA",
        "region_un": "Africa",
        "label_x": 30.103894,
        "label_y": -1.897196,
        "gdp_md": 10354,
        "pop_est": 12626950,
        "pride_index": [
          {
            "activism": 7
          },
          {
            "politics": 8
          },
          {
            "science": 7
          },
          {
            "technology": 2
          },
          {
            "media": 6
          },
          {
            "culture": 5
          },
          {
            "business": 5
          },
          {
            "sports": 3
          },
          {
            "religion": 5
          },
          {
            "military": 7
          }
        ]
      }
    },
    {
      "type": "Feature",
      "properties": {
        "name": "Uganda",
        "ne_id": 1159321343,
        "continent": "Africa",
        "iso_code": "UG",
        "iso_a3": "UGA",
        "region_un": "Africa",
        "label_x": 32.948555,
        "label_y": 1.972589,
        "gdp_md": 35165,
        "pop_est": 44269594,
        "pride_index": [
          {
            "activism": 8
          },
          {
            "politics": 3
          },
          {
            "science": 7
          },
          {
            "technology": 5
          },
          {
            "media": 9
          },
          {
            "culture": 5
          },
          {
            "business": 3
          },
          {
            "sports": 10
          },
          {
            "religion": 9
          },
          {
            "military": 9
          }
        ]
      }
    },
    {
      "type": "Feature",
      "properties": {
        "name": "Lesotho",
        "ne_id": 1159321027,
        "continent": "Africa",
        "iso_code": "LS",
        "iso_a3": "LSO",
        "region_un": "Africa",
        "label_x": 28.246639,
        "label_y": -29.480158,
        "gdp_md": 2376,
        "pop_est": 2125268,
        "pride_index": [
          {
            "activism": 9
          },
          {
            "politics": 7
          },
          {
            "science": 4
          },
          {
            "technology": 5
          },
          {
            "media": 3
          },
          {
            "culture": 10
          },
          {
            "business": 5
          },
          {
            "sports": 5
          },
          {
            "religion": 7
          },
          {
            "military": 6
          }
        ]
      }
    },
    {
      "type": "Feature",
      "properties": {
        "name": "Cameroon",
        "ne_id": 1159320509,
        "continent": "Africa",
        "iso_code": "CM",
        "iso_a3": "CMR",
        "region_un": "Africa",
        "label_x": 12.473488,
        "label_y": 4.585041,
        "gdp_md": 39007,
        "pop_est": 25876380,
        "pride_index": [
          {
            "activism": 7
          },
          {
            "politics": 1
          },
          {
            "science": 4
          },
          {
            "technology": 3
          },
          {
            "media": 8
          },
          {
            "culture": 3
          },
          {
            "business": 8
          },
          {
            "sports": 6
          },
          {
            "religion": 6
          },
          {
            "military": 10
          }
        ]
      }
    },
    {
      "type": "Feature",
      "properties": {
        "name": "Gabon",
        "ne_id": 1159320693,
        "continent": "Africa",
        "iso_code": "GA",
        "iso_a3": "GAB",
        "region_un": "Africa",
        "label_x": 11.835939,
        "label_y": -0.437739,
        "gdp_md": 16874,
        "pop_est": 2172579,
        "pride_index": [
          {
            "activism": 5
          },
          {
            "politics": 3
          },
          {
            "science": 6
          },
          {
            "technology": 7
          },
          {
            "media": 10
          },
          {
            "culture": 3
          },
          {
            "business": 1
          },
          {
            "sports": 9
          },
          {
            "religion": 6
          },
          {
            "military": 2
          }
        ]
      }
    },
    {
      "type": "Feature",
      "properties": {
        "name": "Niger",
        "ne_id": 1159321087,
        "continent": "Africa",
        "iso_code": "NE",
        "iso_a3": "NER",
        "region_un": "Africa",
        "label_x": 9.504356,
        "label_y": 17.446195,
        "gdp_md": 12911,
        "pop_est": 23310715,
        "pride_index": [
          {
            "activism": 6
          },
          {
            "politics": 3
          },
          {
            "science": 10
          },
          {
            "technology": 9
          },
          {
            "media": 5
          },
          {
            "culture": 5
          },
          {
            "business": 7
          },
          {
            "sports": 9
          },
          {
            "religion": 5
          },
          {
            "military": 10
          }
        ]
      }
    },
    {
      "type": "Feature",
      "properties": {
        "name": "Burkina Faso",
        "ne_id": 1159320405,
        "continent": "Africa",
        "iso_code": "BF",
        "iso_a3": "BFA",
        "region_un": "Africa",
        "label_x": -1.36388,
        "label_y": 12.673048,
        "gdp_md": 15990,
        "pop_est": 20321378,
        "pride_index": [
          {
            "activism": 5
          },
          {
            "politics": 3
          },
          {
            "science": 3
          },
          {
            "technology": 5
          },
          {
            "media": 10
          },
          {
            "culture": 8
          },
          {
            "business": 4
          },
          {
            "sports": 2
          },
          {
            "religion": 3
          },
          {
            "military": 4
          }
        ]
      }
    },
    {
      "type": "Feature",
      "properties": {
        "name": "Togo",
        "ne_id": 1159321303,
        "continent": "Africa",
        "iso_code": "TG",
        "iso_a3": "TGO",
        "region_un": "Africa",
        "label_x": 1.058113,
        "label_y": 8.80722,
        "gdp_md": 5490,
        "pop_est": 8082366,
        "pride_index": [
          {
            "activism": 6
          },
          {
            "politics": 4
          },
          {
            "science": 6
          },
          {
            "technology": 5
          },
          {
            "media": 4
          },
          {
            "culture": 10
          },
          {
            "business": 8
          },
          {
            "sports": 3
          },
          {
            "religion": 6
          },
          {
            "military": 6
          }
        ]
      }
    },
    {
      "type": "Feature",
      "properties": {
        "name": "Ghana",
        "ne_id": 1159320793,
        "continent": "Africa",
        "iso_code": "GH",
        "iso_a3": "GHA",
        "region_un": "Africa",
        "label_x": -1.036941,
        "label_y": 7.717639,
        "gdp_md": 66983,
        "pop_est": 30417856,
        "pride_index": [
          {
            "activism": 6
          },
          {
            "politics": 5
          },
          {
            "science": 1
          },
          {
            "technology": 6
          },
          {
            "media": 10
          },
          {
            "culture": 6
          },
          {
            "business": 1
          },
          {
            "sports": 5
          },
          {
            "religion": 9
          },
          {
            "military": 7
          }
        ]
      }
    },
    {
      "type": "Feature",
      "properties": {
        "name": "Guinea-Bissau",
        "ne_id": 1159320799,
        "continent": "Africa",
        "iso_code": "GW",
        "iso_a3": "GNB",
        "region_un": "Africa",
        "label_x": -14.52413,
        "label_y": 12.163712,
        "gdp_md": 1339,
        "pop_est": 1920922,
        "pride_index": [
          {
            "activism": 5
          },
          {
            "politics": 1
          },
          {
            "science": 7
          },
          {
            "technology": 8
          },
          {
            "media": 2
          },
          {
            "culture": 4
          },
          {
            "business": 1
          },
          {
            "sports": 4
          },
          {
            "religion": 9
          },
          {
            "military": 7
          }
        ]
      }
    },
    {
      "type": "Feature",
      "properties": {
        "name": "Egypt",
        "ne_id": 1159320575,
        "continent": "Africa",
        "iso_code": "EG",
        "iso_a3": "EGY",
        "region_un": "Africa",
        "label_x": 29.445837,
        "label_y": 26.186173,
        "gdp_md": 303092,
        "pop_est": 100388073,
        "pride_index": [
          {
            "activism": 2
          },
          {
            "politics": 2
          },
          {
            "science": 9
          },
          {
            "technology": 2
          },
          {
            "media": 3
          },
          {
            "culture": 9
          },
          {
            "business": 8
          },
          {
            "sports": 8
          },
          {
            "religion": 1
          },
          {
            "military": 9
          }
        ]
      }
    },
    {
      "type": "Feature",
      "properties": {
        "name": "Mauritania",
        "ne_id": 1159321075,
        "continent": "Africa",
        "iso_code": "MR",
        "iso_a3": "MRT",
        "region_un": "Africa",
        "label_x": -9.740299,
        "label_y": 19.587062,
        "gdp_md": 7600,
        "pop_est": 4525696,
        "pride_index": [
          {
            "activism": 3
          },
          {
            "politics": 10
          },
          {
            "science": 7
          },
          {
            "technology": 7
          },
          {
            "media": 4
          },
          {
            "culture": 1
          },
          {
            "business": 4
          },
          {
            "sports": 5
          },
          {
            "religion": 8
          },
          {
            "military": 9
          }
        ]
      }
    },
    {
      "type": "Feature",
      "properties": {
        "name": "Eq. Guinea",
        "ne_id": 1159320801,
        "continent": "Africa",
        "iso_code": "GQ",
        "iso_a3": "GNQ",
        "region_un": "Africa",
        "label_x": 8.9902,
        "label_y": 2.333,
        "gdp_md": 11026,
        "pop_est": 1355986,
        "pride_index": [
          {
            "activism": 8
          },
          {
            "politics": 10
          },
          {
            "science": 6
          },
          {
            "technology": 2
          },
          {
            "media": 8
          },
          {
            "culture": 10
          },
          {
            "business": 4
          },
          {
            "sports": 1
          },
          {
            "religion": 3
          },
          {
            "military": 3
          }
        ]
      }
    },
    {
      "type": "Feature",
      "properties": {
        "name": "Gambia",
        "ne_id": 1159320797,
        "continent": "Africa",
        "iso_code": "GM",
        "iso_a3": "GMB",
        "region_un": "Africa",
        "label_x": -14.998318,
        "label_y": 13.641721,
        "gdp_md": 1826,
        "pop_est": 2347706,
        "pride_index": [
          {
            "activism": 3
          },
          {
            "politics": 2
          },
          {
            "science": 1
          },
          {
            "technology": 3
          },
          {
            "media": 6
          },
          {
            "culture": 10
          },
          {
            "business": 10
          },
          {
            "sports": 10
          },
          {
            "religion": 7
          },
          {
            "military": 7
          }
        ]
      }
    },
    {
      "type": "Feature",
      "properties": {
        "name": "Madagascar",
        "ne_id": 1159321051,
        "continent": "Africa",
        "iso_code": "MG",
        "iso_a3": "MDG",
        "region_un": "Africa",
        "label_x": 46.704241,
        "label_y": -18.628288,
        "gdp_md": 14114,
        "pop_est": 26969307,
        "pride_index": [
          {
            "activism": 4
          },
          {
            "politics": 9
          },
          {
            "science": 6
          },
          {
            "technology": 7
          },
          {
            "media": 1
          },
          {
            "culture": 9
          },
          {
            "business": 8
          },
          {
            "sports": 8
          },
          {
            "religion": 8
          },
          {
            "military": 5
          }
        ]
      }
    },
    {
      "type": "Feature",
      "properties": {
        "name": "France",
        "ne_id": 1159320637,
        "continent": "Europe",
        "iso_code": "-99",
        "iso_a3": "-99",
        "region_un": "Europe",
        "label_x": 2.552275,
        "label_y": 46.696113,
        "gdp_md": 2715518,
        "pop_est": 67059887,
        "pride_index": [
          {
            "activism": 4
          },
          {
            "politics": 8
          },
          {
            "science": 9
          },
          {
            "technology": 6
          },
          {
            "media": 9
          },
          {
            "culture": 7
          },
          {
            "business": 7
          },
          {
            "sports": 4
          },
          {
            "religion": 2
          },
          {
            "military": 3
          }
        ]
      }
    },
    {
      "type": "Feature",
      "properties": {
        "name": "Ukraine",
        "ne_id": 1159321345,
        "continent": "Europe",
        "iso_code": "UA",
        "iso_a3": "UKR",
        "region_un": "Europe",
        "label_x": 32.140865,
        "label_y": 49.724739,
        "gdp_md": 153781,
        "pop_est": 44385155,
        "pride_index": [
          {
            "activism": 2
          },
          {
            "politics": 1
          },
          {
            "science": 9
          },
          {
            "technology": 1
          },
          {
            "media": 7
          },
          {
            "culture": 10
          },
          {
            "business": 9
          },
          {
            "sports": 2
          },
          {
            "religion": 10
          },
          {
            "military": 2
          }
        ]
      }
    },
    {
      "type": "Feature",
      "properties": {
        "name": "Belarus",
        "ne_id": 1159320427,
        "continent": "Europe",
        "iso_code": "BY",
        "iso_a3": "BLR",
        "region_un": "Europe",
        "label_x": 28.417701,
        "label_y": 53.821888,
        "gdp_md": 63080,
        "pop_est": 9466856,
        "pride_index": [
          {
            "activism": 2
          },
          {
            "politics": 10
          },
          {
            "science": 6
          },
          {
            "technology": 9
          },
          {
            "media": 1
          },
          {
            "culture": 1
          },
          {
            "business": 8
          },
          {
            "sports": 5
          },
          {
            "religion": 5
          },
          {
            "military": 2
          }
        ]
      }
    },
    {
      "type": "Feature",
      "properties": {
        "name": "Lithuania",
        "ne_id": 1159321029,
        "continent": "Europe",
        "iso_code": "LT",
        "iso_a3": "LTU",
        "region_un": "Europe",
        "label_x": 24.089932,
        "label_y": 55.103703,
        "gdp_md": 54627,
        "pop_est": 2786844,
        "pride_index": [
          {
            "activism": 3
          },
          {
            "politics": 9
          },
          {
            "science": 6
          },
          {
            "technology": 8
          },
          {
            "media": 4
          },
          {
            "culture": 7
          },
          {
            "business": 7
          },
          {
            "sports": 5
          },
          {
            "religion": 1
          },
          {
            "military": 1
          }
        ]
      }
    },
    {
      "type": "Feature",
      "properties": {
        "name": "Russia",
        "ne_id": 1159321201,
        "continent": "Europe",
        "iso_code": "RU",
        "iso_a3": "RUS",
        "region_un": "Europe",
        "label_x": 44.686469,
        "label_y": 58.249357,
        "gdp_md": 1699876,
        "pop_est": 144373535,
        "pride_index": [
          {
            "activism": 5
          },
          {
            "politics": 3
          },
          {
            "science": 8
          },
          {
            "technology": 6
          },
          {
            "media": 4
          },
          {
            "culture": 8
          },
          {
            "business": 1
          },
          {
            "sports": 8
          },
          {
            "religion": 6
          },
          {
            "military": 9
          }
        ]
      }
    },
    {
      "type": "Feature",
      "properties": {
        "name": "Czechia",
        "ne_id": 1159320535,
        "continent": "Europe",
        "iso_code": "CZ",
        "iso_a3": "CZE",
        "region_un": "Europe",
        "label_x": 15.377555,
        "label_y": 49.882364,
        "gdp_md": 250680,
        "pop_est": 10669709,
        "pride_index": [
          {
            "activism": 6
          },
          {
            "politics": 7
          },
          {
            "science": 5
          },
          {
            "technology": 1
          },
          {
            "media": 1
          },
          {
            "culture": 6
          },
          {
            "business": 3
          },
          {
            "sports": 5
          },
          {
            "religion": 8
          },
          {
            "military": 6
          }
        ]
      }
    },
    {
      "type": "Feature",
      "properties": {
        "name": "Germany",
        "ne_id": 1159320539,
        "continent": "Europe",
        "iso_code": "DE",
        "iso_a3": "DEU",
        "region_un": "Europe",
        "label_x": 9.678348,
        "label_y": 50.961733,
        "gdp_md": 3861123,
        "pop_est": 83132799,
        "pride_index": [
          {
            "activism": 8
          },
          {
            "politics": 3
          },
          {
            "science": 5
          },
          {
            "technology": 1
          },
          {
            "media": 6
          },
          {
            "culture": 4
          },
          {
            "business": 3
          },
          {
            "sports": 8
          },
          {
            "religion": 9
          },
          {
            "military": 5
          }
        ]
      }
    },
    {
      "type": "Feature",
      "properties": {
        "name": "Estonia",
        "ne_id": 1159320615,
        "continent": "Europe",
        "iso_code": "EE",
        "iso_a3": "EST",
        "region_un": "Europe",
        "label_x": 25.867126,
        "label_y": 58.724865,
        "gdp_md": 31471,
        "pop_est": 1326590,
        "pride_index": [
          {
            "activism": 6
          },
          {
            "politics": 6
          },
          {
            "science": 7
          },
          {
            "technology": 9
          },
          {
            "media": 1
          },
          {
            "culture": 7
          },
          {
            "business": 1
          },
          {
            "sports": 1
          },
          {
            "religion": 7
          },
          {
            "military": 3
          }
        ]
      }
    },
    {
      "type": "Feature",
      "properties": {
        "name": "Latvia",
        "ne_id": 1159321033,
        "continent": "Europe",
        "iso_code": "LV",
        "iso_a3": "LVA",
        "region_un": "Europe",
        "label_x": 25.458723,
        "label_y": 57.066872,
        "gdp_md": 34102,
        "pop_est": 1912789,
        "pride_index": [
          {
            "activism": 6
          },
          {
            "politics": 10
          },
          {
            "science": 2
          },
          {
            "technology": 8
          },
          {
            "media": 3
          },
          {
            "culture": 8
          },
          {
            "business": 9
          },
          {
            "sports": 2
          },
          {
            "religion": 3
          },
          {
            "military": 7
          }
        ]
      }
    },
    {
      "type": "Feature",
      "properties": {
        "name": "Norway",
        "ne_id": 1159321109,
        "continent": "Europe",
        "iso_code": "-99",
        "iso_a3": "-99",
        "region_un": "Europe",
        "label_x": 9.679975,
        "label_y": 61.357092,
        "gdp_md": 403336,
        "pop_est": 5347896,
        "pride_index": [
          {
            "activism": 4
          },
          {
            "politics": 2
          },
          {
            "science": 2
          },
          {
            "technology": 3
          },
          {
            "media": 2
          },
          {
            "culture": 3
          },
          {
            "business": 5
          },
          {
            "sports": 3
          },
          {
            "religion": 6
          },
          {
            "military": 10
          }
        ]
      }
    },
    {
      "type": "Feature",
      "properties": {
        "name": "Sweden",
        "ne_id": 1159321287,
        "continent": "Europe",
        "iso_code": "SE",
        "iso_a3": "SWE",
        "region_un": "Europe",
        "label_x": 19.01705,
        "label_y": 65.85918,
        "gdp_md": 530883,
        "pop_est": 10285453,
        "pride_index": [
          {
            "activism": 2
          },
          {
            "politics": 4
          },
          {
            "science": 2
          },
          {
            "technology": 5
          },
          {
            "media": 10
          },
          {
            "culture": 10
          },
          {
            "business": 9
          },
          {
            "sports": 2
          },
          {
            "religion": 9
          },
          {
            "military": 1
          }
        ]
      }
    },
    {
      "type": "Feature",
      "properties": {
        "name": "Finland",
        "ne_id": 1159320623,
        "continent": "Europe",
        "iso_code": "FI",
        "iso_a3": "FIN",
        "region_un": "Europe",
        "label_x": 27.276449,
        "label_y": 63.252361,
        "gdp_md": 269296,
        "pop_est": 5520314,
        "pride_index": [
          {
            "activism": 4
          },
          {
            "politics": 8
          },
          {
            "science": 7
          },
          {
            "technology": 3
          },
          {
            "media": 4
          },
          {
            "culture": 6
          },
          {
            "business": 1
          },
          {
            "sports": 5
          },
          {
            "religion": 4
          },
          {
            "military": 5
          }
        ]
      }
    },
    {
      "type": "Feature",
      "properties": {
        "name": "Luxembourg",
        "ne_id": 1159321031,
        "continent": "Europe",
        "iso_code": "LU",
        "iso_a3": "LUX",
        "region_un": "Europe",
        "label_x": 6.07762,
        "label_y": 49.733732,
        "gdp_md": 71104,
        "pop_est": 619896,
        "pride_index": [
          {
            "activism": 5
          },
          {
            "politics": 9
          },
          {
            "science": 6
          },
          {
            "technology": 7
          },
          {
            "media": 9
          },
          {
            "culture": 4
          },
          {
            "business": 9
          },
          {
            "sports": 7
          },
          {
            "religion": 3
          },
          {
            "military": 10
          }
        ]
      }
    },
    {
      "type": "Feature",
      "properties": {
        "name": "Belgium",
        "ne_id": 1159320389,
        "continent": "Europe",
        "iso_code": "BE",
        "iso_a3": "BEL",
        "region_un": "Europe",
        "label_x": 4.800448,
        "label_y": 50.785392,
        "gdp_md": 533097,
        "pop_est": 11484055,
        "pride_index": [
          {
            "activism": 2
          },
          {
            "politics": 10
          },
          {
            "science": 1
          },
          {
            "technology": 8
          },
          {
            "media": 3
          },
          {
            "culture": 1
          },
          {
            "business": 5
          },
          {
            "sports": 2
          },
          {
            "religion": 6
          },
          {
            "military": 6
          }
        ]
      }
    },
    {
      "type": "Feature",
      "properties": {
        "name": "North Macedonia",
        "ne_id": 1159321061,
        "continent": "Europe",
        "iso_code": "MK",
        "iso_a3": "MKD",
        "region_un": "Europe",
        "label_x": 21.555839,
        "label_y": 41.558223,
        "gdp_md": 12547,
        "pop_est": 2083459,
        "pride_index": [
          {
            "activism": 9
          },
          {
            "politics": 9
          },
          {
            "science": 1
          },
          {
            "technology": 1
          },
          {
            "media": 1
          },
          {
            "culture": 1
          },
          {
            "business": 4
          },
          {
            "sports": 2
          },
          {
            "religion": 2
          },
          {
            "military": 5
          }
        ]
      }
    },
    {
      "type": "Feature",
      "properties": {
        "name": "Albania",
        "ne_id": 1159320325,
        "continent": "Europe",
        "iso_code": "AL",
        "iso_a3": "ALB",
        "region_un": "Europe",
        "label_x": 20.11384,
        "label_y": 40.654855,
        "gdp_md": 15279,
        "pop_est": 2854191,
        "pride_index": [
          {
            "activism": 9
          },
          {
            "politics": 3
          },
          {
            "science": 1
          },
          {
            "technology": 7
          },
          {
            "media": 7
          },
          {
            "culture": 6
          },
          {
            "business": 3
          },
          {
            "sports": 1
          },
          {
            "religion": 8
          },
          {
            "military": 7
          }
        ]
      }
    },
    {
      "type": "Feature",
      "properties": {
        "name": "Kosovo",
        "ne_id": 1159321007,
        "continent": "Europe",
        "iso_code": "-99",
        "iso_a3": "-99",
        "region_un": "Europe",
        "label_x": 20.860719,
        "label_y": 42.593587,
        "gdp_md": 7926,
        "pop_est": 1794248,
        "pride_index": [
          {
            "activism": 6
          },
          {
            "politics": 2
          },
          {
            "science": 1
          },
          {
            "technology": 10
          },
          {
            "media": 9
          },
          {
            "culture": 2
          },
          {
            "business": 10
          },
          {
            "sports": 2
          },
          {
            "religion": 7
          },
          {
            "military": 4
          }
        ]
      }
    },
    {
      "type": "Feature",
      "properties": {
        "name": "Spain",
        "ne_id": 1159320587,
        "continent": "Europe",
        "iso_code": "ES",
        "iso_a3": "ESP",
        "region_un": "Europe",
        "label_x": -3.464718,
        "label_y": 40.090953,
        "gdp_md": 1393490,
        "pop_est": 47076781,
        "pride_index": [
          {
            "activism": 10
          },
          {
            "politics": 10
          },
          {
            "science": 10
          },
          {
            "technology": 10
          },
          {
            "media": 10
          },
          {
            "culture": 9
          },
          {
            "business": 2
          },
          {
            "sports": 6
          },
          {
            "religion": 9
          },
          {
            "military": 10
          }
        ]
      }
    },
    {
      "type": "Feature",
      "properties": {
        "name": "Denmark",
        "ne_id": 1159320547,
        "continent": "Europe",
        "iso_code": "DK",
        "iso_a3": "DNK",
        "region_un": "Europe",
        "label_x": 9.018163,
        "label_y": 55.966965,
        "gdp_md": 350104,
        "pop_est": 5818553,
        "pride_index": [
          {
            "activism": 1
          },
          {
            "politics": 9
          },
          {
            "science": 8
          },
          {
            "technology": 2
          },
          {
            "media": 10
          },
          {
            "culture": 1
          },
          {
            "business": 4
          },
          {
            "sports": 3
          },
          {
            "religion": 6
          },
          {
            "military": 8
          }
        ]
      }
    },
    {
      "type": "Feature",
      "properties": {
        "name": "Romania",
        "ne_id": 1159321199,
        "continent": "Europe",
        "iso_code": "RO",
        "iso_a3": "ROU",
        "region_un": "Europe",
        "label_x": 24.972624,
        "label_y": 45.733237,
        "gdp_md": 250077,
        "pop_est": 19356544,
        "pride_index": [
          {
            "activism": 6
          },
          {
            "politics": 2
          },
          {
            "science": 6
          },
          {
            "technology": 1
          },
          {
            "media": 8
          },
          {
            "culture": 10
          },
          {
            "business": 6
          },
          {
            "sports": 4
          },
          {
            "religion": 5
          },
          {
            "military": 3
          }
        ]
      }
    },
    {
      "type": "Feature",
      "properties": {
        "name": "Hungary",
        "ne_id": 1159320841,
        "continent": "Europe",
        "iso_code": "HU",
        "iso_a3": "HUN",
        "region_un": "Europe",
        "label_x": 19.447867,
        "label_y": 47.086841,
        "gdp_md": 163469,
        "pop_est": 9769949,
        "pride_index": [
          {
            "activism": 1
          },
          {
            "politics": 1
          },
          {
            "science": 2
          },
          {
            "technology": 6
          },
          {
            "media": 1
          },
          {
            "culture": 9
          },
          {
            "business": 6
          },
          {
            "sports": 6
          },
          {
            "religion": 8
          },
          {
            "military": 2
          }
        ]
      }
    },
    {
      "type": "Feature",
      "properties": {
        "name": "Slovakia",
        "ne_id": 1159321283,
        "continent": "Europe",
        "iso_code": "SK",
        "iso_a3": "SVK",
        "region_un": "Europe",
        "label_x": 19.049868,
        "label_y": 48.734044,
        "gdp_md": 105079,
        "pop_est": 5454073,
        "pride_index": [
          {
            "activism": 8
          },
          {
            "politics": 6
          },
          {
            "science": 2
          },
          {
            "technology": 8
          },
          {
            "media": 4
          },
          {
            "culture": 4
          },
          {
            "business": 7
          },
          {
            "sports": 9
          },
          {
            "religion": 10
          },
          {
            "military": 6
          }
        ]
      }
    },
    {
      "type": "Feature",
      "properties": {
        "name": "Poland",
        "ne_id": 1159321179,
        "continent": "Europe",
        "iso_code": "PL",
        "iso_a3": "POL",
        "region_un": "Europe",
        "label_x": 19.490468,
        "label_y": 51.990316,
        "gdp_md": 595858,
        "pop_est": 37970874,
        "pride_index": [
          {
            "activism": 3
          },
          {
            "politics": 3
          },
          {
            "science": 2
          },
          {
            "technology": 5
          },
          {
            "media": 10
          },
          {
            "culture": 1
          },
          {
            "business": 1
          },
          {
            "sports": 3
          },
          {
            "religion": 3
          },
          {
            "military": 8
          }
        ]
      }
    },
    {
      "type": "Feature",
      "properties": {
        "name": "Ireland",
        "ne_id": 1159320877,
        "continent": "Europe",
        "iso_code": "IE",
        "iso_a3": "IRL",
        "region_un": "Europe",
        "label_x": -7.798588,
        "label_y": 53.078726,
        "gdp_md": 388698,
        "pop_est": 4941444,
        "pride_index": [
          {
            "activism": 5
          },
          {
            "politics": 8
          },
          {
            "science": 7
          },
          {
            "technology": 1
          },
          {
            "media": 6
          },
          {
            "culture": 3
          },
          {
            "business": 4
          },
          {
            "sports": 10
          },
          {
            "religion": 5
          },
          {
            "military": 5
          }
        ]
      }
    },
    {
      "type": "Feature",
      "properties": {
        "name": "United Kingdom",
        "ne_id": 1159320713,
        "continent": "Europe",
        "iso_code": "GB",
        "iso_a3": "GBR",
        "region_un": "Europe",
        "label_x": -2.116346,
        "label_y": 54.402739,
        "gdp_md": 2829108,
        "pop_est": 66834405,
        "pride_index": [
          {
            "activism": 1
          },
          {
            "politics": 1
          },
          {
            "science": 10
          },
          {
            "technology": 2
          },
          {
            "media": 2
          },
          {
            "culture": 4
          },
          {
            "business": 2
          },
          {
            "sports": 5
          },
          {
            "religion": 4
          },
          {
            "military": 10
          }
        ]
      }
    },
    {
      "type": "Feature",
      "properties": {
        "name": "Greece",
        "ne_id": 1159320811,
        "continent": "Europe",
        "iso_code": "GR",
        "iso_a3": "GRC",
        "region_un": "Europe",
        "label_x": 21.72568,
        "label_y": 39.492763,
        "gdp_md": 209852,
        "pop_est": 10716322,
        "pride_index": [
          {
            "activism": 9
          },
          {
            "politics": 4
          },
          {
            "science": 1
          },
          {
            "technology": 7
          },
          {
            "media": 10
          },
          {
            "culture": 9
          },
          {
            "business": 7
          },
          {
            "sports": 10
          },
          {
            "religion": 1
          },
          {
            "military": 2
          }
        ]
      }
    },
    {
      "type": "Feature",
      "properties": {
        "name": "Austria",
        "ne_id": 1159320379,
        "continent": "Europe",
        "iso_code": "AT",
        "iso_a3": "AUT",
        "region_un": "Europe",
        "label_x": 14.130515,
        "label_y": 47.518859,
        "gdp_md": 445075,
        "pop_est": 8877067,
        "pride_index": [
          {
            "activism": 6
          },
          {
            "politics": 4
          },
          {
            "science": 1
          },
          {
            "technology": 1
          },
          {
            "media": 9
          },
          {
            "culture": 8
          },
          {
            "business": 6
          },
          {
            "sports": 9
          },
          {
            "religion": 5
          },
          {
            "military": 4
          }
        ]
      }
    },
    {
      "type": "Feature",
      "properties": {
        "name": "Italy",
        "ne_id": 1159320919,
        "continent": "Europe",
        "iso_code": "IT",
        "iso_a3": "ITA",
        "region_un": "Europe",
        "label_x": 11.076907,
        "label_y": 44.732482,
        "gdp_md": 2003576,
        "pop_est": 60297396,
        "pride_index": [
          {
            "activism": 3
          },
          {
            "politics": 5
          },
          {
            "science": 8
          },
          {
            "technology": 1
          },
          {
            "media": 4
          },
          {
            "culture": 5
          },
          {
            "business": 2
          },
          {
            "sports": 3
          },
          {
            "religion": 7
          },
          {
            "military": 7
          }
        ]
      }
    },
    {
      "type": "Feature",
      "properties": {
        "name": "Switzerland",
        "ne_id": 1159320491,
        "continent": "Europe",
        "iso_code": "CH",
        "iso_a3": "CHE",
        "region_un": "Europe",
        "label_x": 7.463965,
        "label_y": 46.719114,
        "gdp_md": 703082,
        "pop_est": 8574832,
        "pride_index": [
          {
            "activism": 5
          },
          {
            "politics": 5
          },
          {
            "science": 9
          },
          {
            "technology": 10
          },
          {
            "media": 2
          },
          {
            "culture": 8
          },
          {
            "business": 7
          },
          {
            "sports": 7
          },
          {
            "religion": 1
          },
          {
            "military": 5
          }
        ]
      }
    },
    {
      "type": "Feature",
      "properties": {
        "name": "Netherlands",
        "ne_id": 1159321101,
        "continent": "Europe",
        "iso_code": "NL",
        "iso_a3": "NLD",
        "region_un": "Europe",
        "label_x": 5.61144,
        "label_y": 52.422211,
        "gdp_md": 907050,
        "pop_est": 17332850,
        "pride_index": [
          {
            "activism": 8
          },
          {
            "politics": 7
          },
          {
            "science": 10
          },
          {
            "technology": 6
          },
          {
            "media": 4
          },
          {
            "culture": 8
          },
          {
            "business": 2
          },
          {
            "sports": 5
          },
          {
            "religion": 1
          },
          {
            "military": 6
          }
        ]
      }
    },
    {
      "type": "Feature",
      "properties": {
        "name": "Serbia",
        "ne_id": 1159321267,
        "continent": "Europe",
        "iso_code": "RS",
        "iso_a3": "SRB",
        "region_un": "Europe",
        "label_x": 20.787989,
        "label_y": 44.189919,
        "gdp_md": 51475,
        "pop_est": 6944975,
        "pride_index": [
          {
            "activism": 4
          },
          {
            "politics": 1
          },
          {
            "science": 7
          },
          {
            "technology": 9
          },
          {
            "media": 1
          },
          {
            "culture": 1
          },
          {
            "business": 3
          },
          {
            "sports": 9
          },
          {
            "religion": 8
          },
          {
            "military": 3
          }
        ]
      }
    },
    {
      "type": "Feature",
      "properties": {
        "name": "Croatia",
        "ne_id": 1159320833,
        "continent": "Europe",
        "iso_code": "HR",
        "iso_a3": "HRV",
        "region_un": "Europe",
        "label_x": 16.37241,
        "label_y": 45.805799,
        "gdp_md": 60752,
        "pop_est": 4067500,
        "pride_index": [
          {
            "activism": 3
          },
          {
            "politics": 3
          },
          {
            "science": 9
          },
          {
            "technology": 8
          },
          {
            "media": 7
          },
          {
            "culture": 8
          },
          {
            "business": 2
          },
          {
            "sports": 10
          },
          {
            "religion": 10
          },
          {
            "military": 3
          }
        ]
      }
    },
    {
      "type": "Feature",
      "properties": {
        "name": "Slovenia",
        "ne_id": 1159321285,
        "continent": "Europe",
        "iso_code": "SI",
        "iso_a3": "SVN",
        "region_un": "Europe",
        "label_x": 14.915312,
        "label_y": 46.06076,
        "gdp_md": 54174,
        "pop_est": 2087946,
        "pride_index": [
          {
            "activism": 6
          },
          {
            "politics": 1
          },
          {
            "science": 5
          },
          {
            "technology": 5
          },
          {
            "media": 5
          },
          {
            "culture": 10
          },
          {
            "business": 2
          },
          {
            "sports": 4
          },
          {
            "religion": 1
          },
          {
            "military": 4
          }
        ]
      }
    },
    {
      "type": "Feature",
      "properties": {
        "name": "Bulgaria",
        "ne_id": 1159320409,
        "continent": "Europe",
        "iso_code": "BG",
        "iso_a3": "BGR",
        "region_un": "Europe",
        "label_x": 25.15709,
        "label_y": 42.508785,
        "gdp_md": 68558,
        "pop_est": 6975761,
        "pride_index": [
          {
            "activism": 6
          },
          {
            "politics": 10
          },
          {
            "science": 7
          },
          {
            "technology": 7
          },
          {
            "media": 1
          },
          {
            "culture": 8
          },
          {
            "business": 4
          },
          {
            "sports": 2
          },
          {
            "religion": 2
          },
          {
            "military": 3
          }
        ]
      }
    },
    {
      "type": "Feature",
      "properties": {
        "name": "Montenegro",
        "ne_id": 1159321069,
        "continent": "Europe",
        "iso_code": "ME",
        "iso_a3": "MNE",
        "region_un": "Europe",
        "label_x": 19.143727,
        "label_y": 42.803101,
        "gdp_md": 5542,
        "pop_est": 622137,
        "pride_index": [
          {
            "activism": 3
          },
          {
            "politics": 9
          },
          {
            "science": 8
          },
          {
            "technology": 5
          },
          {
            "media": 3
          },
          {
            "culture": 7
          },
          {
            "business": 9
          },
          {
            "sports": 6
          },
          {
            "religion": 6
          },
          {
            "military": 2
          }
        ]
      }
    },
    {
      "type": "Feature",
      "properties": {
        "name": "Bosnia and Herz.",
        "ne_id": 1159320417,
        "continent": "Europe",
        "iso_code": "BA",
        "iso_a3": "BIH",
        "region_un": "Europe",
        "label_x": 18.06841,
        "label_y": 44.091051,
        "gdp_md": 20164,
        "pop_est": 3301000,
        "pride_index": [
          {
            "activism": 7
          },
          {
            "politics": 1
          },
          {
            "science": 8
          },
          {
            "technology": 9
          },
          {
            "media": 2
          },
          {
            "culture": 3
          },
          {
            "business": 5
          },
          {
            "sports": 1
          },
          {
            "religion": 5
          },
          {
            "military": 3
          }
        ]
      }
    },
    {
      "type": "Feature",
      "properties": {
        "name": "Portugal",
        "ne_id": 1159321187,
        "continent": "Europe",
        "iso_code": "PT",
        "iso_a3": "PRT",
        "region_un": "Europe",
        "label_x": -8.271754,
        "label_y": 39.606675,
        "gdp_md": 238785,
        "pop_est": 10269417,
        "pride_index": [
          {
            "activism": 9
          },
          {
            "politics": 10
          },
          {
            "science": 3
          },
          {
            "technology": 10
          },
          {
            "media": 10
          },
          {
            "culture": 10
          },
          {
            "business": 4
          },
          {
            "sports": 1
          },
          {
            "religion": 8
          },
          {
            "military": 6
          }
        ]
      }
    },
    {
      "type": "Feature",
      "properties": {
        "name": "Moldova",
        "ne_id": 1159321045,
        "continent": "Europe",
        "iso_code": "MD",
        "iso_a3": "MDA",
        "region_un": "Europe",
        "label_x": 28.487904,
        "label_y": 47.434999,
        "gdp_md": 11968,
        "pop_est": 2657637,
        "pride_index": [
          {
            "activism": 2
          },
          {
            "politics": 3
          },
          {
            "science": 1
          },
          {
            "technology": 3
          },
          {
            "media": 3
          },
          {
            "culture": 3
          },
          {
            "business": 8
          },
          {
            "sports": 5
          },
          {
            "religion": 2
          },
          {
            "military": 10
          }
        ]
      }
    },
    {
      "type": "Feature",
      "properties": {
        "name": "Iceland",
        "ne_id": 1159320917,
        "continent": "Europe",
        "iso_code": "IS",
        "iso_a3": "ISL",
        "region_un": "Europe",
        "label_x": -18.673711,
        "label_y": 64.779286,
        "gdp_md": 24188,
        "pop_est": 361313,
        "pride_index": [
          {
            "activism": 10
          },
          {
            "politics": 5
          },
          {
            "science": 6
          },
          {
            "technology": 8
          },
          {
            "media": 3
          },
          {
            "culture": 5
          },
          {
            "business": 10
          },
          {
            "sports": 6
          },
          {
            "religion": 5
          },
          {
            "military": 7
          }
        ]
      }
    },
    {
      "type": "Feature",
      "properties": {
        "name": "Papua New Guinea",
        "ne_id": 1159321173,
        "continent": "Oceania",
        "iso_code": "PG",
        "iso_a3": "PNG",
        "region_un": "Oceania",
        "label_x": 143.910216,
        "label_y": -5.695285,
        "gdp_md": 24829,
        "pop_est": 8776109,
        "pride_index": [
          {
            "activism": 1
          },
          {
            "politics": 3
          },
          {
            "science": 10
          },
          {
            "technology": 6
          },
          {
            "media": 7
          },
          {
            "culture": 6
          },
          {
            "business": 2
          },
          {
            "sports": 9
          },
          {
            "religion": 9
          },
          {
            "military": 3
          }
        ]
      }
    },
    {
      "type": "Feature",
      "properties": {
        "name": "Australia",
        "ne_id": 1159320355,
        "continent": "Oceania",
        "iso_code": "AU",
        "iso_a3": "AUS",
        "region_un": "Oceania",
        "label_x": 134.04972,
        "label_y": -24.129522,
        "gdp_md": 1396567,
        "pop_est": 25364307,
        "pride_index": [
          {
            "activism": 7
          },
          {
            "politics": 1
          },
          {
            "science": 10
          },
          {
            "technology": 4
          },
          {
            "media": 2
          },
          {
            "culture": 7
          },
          {
            "business": 3
          },
          {
            "sports": 7
          },
          {
            "religion": 6
          },
          {
            "military": 3
          }
        ]
      }
    },
    {
      "type": "Feature",
      "properties": {
        "name": "Fiji",
        "ne_id": 1159320625,
        "continent": "Oceania",
        "iso_code": "FJ",
        "iso_a3": "FJI",
        "region_un": "Oceania",
        "label_x": 177.975427,
        "label_y": -17.826099,
        "gdp_md": 5496,
        "pop_est": 889953,
        "pride_index": [
          {
            "activism": 3
          },
          {
            "politics": 8
          },
          {
            "science": 1
          },
          {
            "technology": 10
          },
          {
            "media": 3
          },
          {
            "culture": 5
          },
          {
            "business": 8
          },
          {
            "sports": 10
          },
          {
            "religion": 6
          },
          {
            "military": 8
          }
        ]
      }
    },
    {
      "type": "Feature",
      "properties": {
        "name": "New Zealand",
        "ne_id": 1159321135,
        "continent": "Oceania",
        "iso_code": "NZ",
        "iso_a3": "NZL",
        "region_un": "Oceania",
        "label_x": 172.787,
        "label_y": -39.759,
        "gdp_md": 206928,
        "pop_est": 4917000,
        "pride_index": [
          {
            "activism": 10
          },
          {
            "politics": 6
          },
          {
            "science": 10
          },
          {
            "technology": 3
          },
          {
            "media": 5
          },
          {
            "culture": 6
          },
          {
            "business": 4
          },
          {
            "sports": 8
          },
          {
            "religion": 8
          },
          {
            "military": 10
          }
        ]
      }
    },
    {
      "type": "Feature",
      "properties": {
        "name": "New Caledonia",
        "ne_id": 1159320641,
        "continent": "Oceania",
        "iso_code": "NC",
        "iso_a3": "NCL",
        "region_un": "Oceania",
        "label_x": 165.084004,
        "label_y": -21.064697,
        "gdp_md": 10770,
        "pop_est": 287800,
        "pride_index": [
          {
            "activism": 8
          },
          {
            "politics": 7
          },
          {
            "science": 8
          },
          {
            "technology": 9
          },
          {
            "media": 1
          },
          {
            "culture": 4
          },
          {
            "business": 1
          },
          {
            "sports": 6
          },
          {
            "religion": 7
          },
          {
            "military": 9
          }
        ]
      }
    },
    {
      "type": "Feature",
      "properties": {
        "name": "Solomon Is.",
        "ne_id": 1159321249,
        "continent": "Oceania",
        "iso_code": "SB",
        "iso_a3": "SLB",
        "region_un": "Oceania",
        "label_x": 159.170468,
        "label_y": -8.029548,
        "gdp_md": 1589,
        "pop_est": 669823,
        "pride_index": [
          {
            "activism": 8
          },
          {
            "politics": 2
          },
          {
            "science": 5
          },
          {
            "technology": 7
          },
          {
            "media": 6
          },
          {
            "culture": 4
          },
          {
            "business": 8
          },
          {
            "sports": 5
          },
          {
            "religion": 10
          },
          {
            "military": 6
          }
        ]
      }
    },
    {
      "type": "Feature",
      "properties": {
        "name": "Vanuatu",
        "ne_id": 1159321421,
        "continent": "Oceania",
        "iso_code": "VU",
        "iso_a3": "VUT",
        "region_un": "Oceania",
        "label_x": 166.908762,
        "label_y": -15.37153,
        "gdp_md": 934,
        "pop_est": 299882,
        "pride_index": [
          {
            "activism": 1
          },
          {
            "politics": 9
          },
          {
            "science": 5
          },
          {
            "technology": 10
          },
          {
            "media": 8
          },
          {
            "culture": 10
          },
          {
            "business": 10
          },
          {
            "sports": 8
          },
          {
            "religion": 9
          },
          {
            "military": 9
          }
        ]
      }
    },
    {
      "type": "Feature",
      "properties": {
        "name": "Antarctica",
        "ne_id": 1159320335,
        "continent": "Antarctica",
        "iso_code": "AQ",
        "iso_a3": "ATA",
        "region_un": "Antarctica",
        "label_x": 35.885455,
        "label_y": -79.843222,
        "gdp_md": 898,
        "pop_est": 4490,
        "pride_index": [
          {
            "activism": 7
          },
          {
            "politics": 5
          },
          {
            "science": 3
          },
          {
            "technology": 1
          },
          {
            "media": 8
          },
          {
            "culture": 1
          },
          {
            "business": 10
          },
          {
            "sports": 2
          },
          {
            "religion": 10
          },
          {
            "military": 1
          }
        ]
      }
    },
    {
      "type": "Feature",
      "properties": {
        "name": "Fr. S. Antarctic Lands",
        "ne_id": 1159320631,
        "continent": "Seven seas (open ocean)",
        "iso_code": "TF",
        "iso_a3": "ATF",
        "region_un": "Africa",
        "label_x": 69.122136,
        "label_y": -49.303721,
        "gdp_md": 16,
        "pop_est": 140,
        "pride_index": [
          {
            "activism": 2
          },
          {
            "politics": 3
          },
          {
            "science": 8
          },
          {
            "technology": 4
          },
          {
            "media": 6
          },
          {
            "culture": 6
          },
          {
            "business": 3
          },
          {
            "sports": 4
          },
          {
            "religion": 6
          },
          {
            "military": 2
          }
        ]
      }
    }
  ]
}